id,device,timestamp,CALLS__id,CALLS_date,CALLS_duration,CALLS_name,CALLS_number,CALLS_numberlabel,CALLS_numbertype,CALLS_type
7e903809-11e0-425a-a1e6-fe51d109a4c7-15,0e046461-bc76-44da-bd09-84192a327d7e,1424196638,2630,1424196638068,1000,"{""ONE_WAY_HASH"":""cff54094ba356bfb30e7c30f86a145b0d3a964da""}","{""ONE_WAY_HASH"":""9a4eb64122ed73abace082cf1370d2a25c559c7a""}",,"{""ONE_WAY_HASH"":""902ba3cda1883801594b6e1b452790cc53948fda""}",2
7e903809-11e0-425a-a1e6-fe51d109a4c7-15,0e046461-bc76-44da-bd09-84192a327d7e,1424196638,2629,1424196557081,0,"{""ONE_WAY_HASH"":""cff54094ba356bfb30e7c30f86a145b0d3a964da""}","{""ONE_WAY_HASH"":""9a4eb64122ed73abace082cf1370d2a25c559c7a""}",,"{""ONE_WAY_HASH"":""902ba3cda1883801594b6e1b452790cc53948fda""}",3
7e903809-11e0-425a-a1e6-fe51d109a4c7-15,0e046461-bc76-44da-bd09-84192a327d7e,1424196638,2628,1424195906163,2000,"{""ONE_WAY_HASH"":""cff54094ba356bfb30e7c30f86a145b0d3a964da""}","{""ONE_WAY_HASH"":""9a4eb64122ed73abace082cf1370d2a25c559c7a""}",,"{""ONE_WAY_HASH"":""902ba3cda1883801594b6e1b452790cc53948fda""}",2
7e903809-11e0-425a-a1e6-fe51d109a4c7-15,0e046461-bc76-44da-bd09-84192a327d7e,1424196638,2627,1424131355971,274,"{""ONE_WAY_HASH"":""39342583b8b722d951824fa86580e404f1a3f457""}","{""ONE_WAY_HASH"":""e36ce705a378472515c93d4029da90ff3691044""}",,"{""ONE_WAY_HASH"":""902ba3cda1883801594b6e1b452790cc53948fda""}",2
7e903809-11e0-425a-a1e6-fe51d109a4c7-15,0e046461-bc76-44da-bd09-84192a327d7e,1424196638,2626,1424131006806,3210,"{""ONE_WAY_HASH"":""967082f2aa15d0a0c0acc03ed8e64555840f63f""}","{""ONE_WAY_HASH"":""71762321b67873c7666af97a917b6f39b541507a""}",,"{""ONE_WAY_HASH"":""902ba3cda1883801594b6e1b452790cc53948fda""}",2
7e903809-11e0-425a-a1e6-fe51d109a4c7-15,0e046461-bc76-44da-bd09-84192a327d7e,1424196638,2625,1424048838359,143,"{""ONE_WAY_HASH"":""39342583b8b722d951824fa86580e404f1a3f457""}","{""ONE_WAY_HASH"":""820c434e4df5770e632483878f6f1a4653d51174""}",,"{""ONE_WAY_HASH"":""902ba3cda1883801594b6e1b452790cc53948fda""}",1
7e903809-11e0-425a-a1e6-fe51d109a4c7-15,0e046461-bc76-44da-bd09-84192a327d7e,1424196638,2624,1424048644288,5,"{""ONE_WAY_HASH"":""39342583b8b722d951824fa86580e404f1a3f457""}","{""ONE_WAY_HASH"":""e36ce705a378472515c93d4029da90ff3691044""}",,"{""ONE_WAY_HASH"":""902ba3cda1883801594b6e1b452790cc53948fda""}",2
7e903809-11e0-425a-a1e6-fe51d109a4c7-15,0e046461-bc76-44da-bd09-84192a327d7e,1424196638,2623,1424048155997,3,"{""ONE_WAY_HASH"":""108290c8ff4695c925874c07f1a3541caa7b3a9f""}","{""ONE_WAY_HASH"":""f1fce9bafd747deaf6c22edababd4baa5cce15ff""}",,"{""ONE_WAY_HASH"":""902ba3cda1883801594b6e1b452790cc53948fda""}",2
7e903809-11e0-425a-a1e6-fe51d109a4c7-15,0e046461-bc76-44da-bd09-84192a327d7e,1424196638,2622,1424047994069,19,,"{""ONE_WAY_HASH"":""d14042bc9ebe3603aaa8743d97a35b0466fbdd1f""}",,"{""ONE_WAY_HASH"":""b6589fc6ab0dc82cf12099d1c2d40ab994e8410c""}",2
7e903809-11e0-425a-a1e6-fe51d109a4c7-15,0e046461-bc76-44da-bd09-84192a327d7e,1424196638,2621,1423961525752,34,"{""ONE_WAY_HASH"":""967082f2aa15d0a0c0acc03ed8e64555840f63f""}","{""ONE_WAY_HASH"":""71762321b67873c7666af97a917b6f39b541507a""}",,"{""ONE_WAY_HASH"":""902ba3cda1883801594b6e1b452790cc53948fda""}",2
7e903809-11e0-425a-a1e6-fe51d109a4c7-15,0e046461-bc76-44da-bd09-84192a327d7e,1424196638,2620,1423781483003,10,"{""ONE_WAY_HASH"":""d88ba7b26701f3cf25612381e6cc9c60967b8356""}","{""ONE_WAY_HASH"":""5ec245d776365602534e513bd7adb55af72af2fd""}",,"{""ONE_WAY_HASH"":""da4b9237bacccdf19c0760cab7aec4a8359010b0""}",1
7e903809-11e0-425a-a1e6-fe51d109a4c7-15,0e046461-bc76-44da-bd09-84192a327d7e,1424738940,2619,1423781335926,131,"{""ONE_WAY_HASH"":""d88ba7b26701f3cf25612381e6cc9c60967b8356""}","{""ONE_WAY_HASH"":""5ec245d776365602534e513bd7adb55af72af2fd""}",,"{""ONE_WAY_HASH"":""da4b9237bacccdf19c0760cab7aec4a8359010b0""}",1
7e903809-11e0-425a-a1e6-fe51d109a4c7-15,0e046461-bc76-44da-bd09-84192a327d7e,1424196638,2618,1423719558378,0,"{""ONE_WAY_HASH"":""3d7c349bfb0761e70f0834747b6941784710916c""}","{""ONE_WAY_HASH"":""8189ca3a46460c1ed4e6dec3e6ff04007cce1d3e""}",,"{""ONE_WAY_HASH"":""da4b9237bacccdf19c0760cab7aec4a8359010b0""}",2
7e903809-11e0-425a-a1e6-fe51d109a4c7-15,0e046461-bc76-44da-bd09-84192a327d7e,1424196638,2617,1423719517643,2,"{""ONE_WAY_HASH"":""3d7c349bfb0761e70f0834747b6941784710916c""}","{""ONE_WAY_HASH"":""8189ca3a46460c1ed4e6dec3e6ff04007cce1d3e""}",,"{""ONE_WAY_HASH"":""da4b9237bacccdf19c0760cab7aec4a8359010b0""}",2
7e903809-11e0-425a-a1e6-fe51d109a4c7-15,0e046461-bc76-44da-bd09-84192a327d7e,1424196638,2616,1423707653708,742,"{""ONE_WAY_HASH"":""967082f2aa15d0a0c0acc03ed8e64555840f63f""}","{""ONE_WAY_HASH"":""d63c2d6d1abe09a135513a708db70e6b6b0cfe44""}",,"{""ONE_WAY_HASH"":""902ba3cda1883801594b6e1b452790cc53948fda""}",2
7e903809-11e0-425a-a1e6-fe51d109a4c7-15,0e046461-bc76-44da-bd09-84192a327d7e,1424196638,2615,1423694168527,0,"{""ONE_WAY_HASH"":""967082f2aa15d0a0c0acc03ed8e64555840f63f""}","{""ONE_WAY_HASH"":""d63c2d6d1abe09a135513a708db70e6b6b0cfe44""}",,"{""ONE_WAY_HASH"":""902ba3cda1883801594b6e1b452790cc53948fda""}",3
7e903809-11e0-425a-a1e6-fe51d109a4c7-15,0e046461-bc76-44da-bd09-84192a327d7e,1424196638,2614,1423683236281,3,"{""ONE_WAY_HASH"":""967082f2aa15d0a0c0acc03ed8e64555840f63f""}","{""ONE_WAY_HASH"":""71762321b67873c7666af97a917b6f39b541507a""}",,"{""ONE_WAY_HASH"":""902ba3cda1883801594b6e1b452790cc53948fda""}",2
7e903809-11e0-425a-a1e6-fe51d109a4c7-15,0e046461-bc76-44da-bd09-84192a327d7e,1424196638,2613,1423666305383,0,"{""ONE_WAY_HASH"":""2a590befd72b5334de838dfc2ab81a695018dfd2""}","{""ONE_WAY_HASH"":""572ee3ed0e7c54f9f603f61190bc791804066242""}",,"{""ONE_WAY_HASH"":""902ba3cda1883801594b6e1b452790cc53948fda""}",3
7e903809-11e0-425a-a1e6-fe51d109a4c7-15,0e046461-bc76-44da-bd09-84192a327d7e,1424196638,2612,1423607769690,25,"{""ONE_WAY_HASH"":""108290c8ff4695c925874c07f1a3541caa7b3a9f""}","{""ONE_WAY_HASH"":""51dfdf84c92e088c257ca8ed852d0e56bdf78176""}",,"{""ONE_WAY_HASH"":""902ba3cda1883801594b6e1b452790cc53948fda""}",1
7e903809-11e0-425a-a1e6-fe51d109a4c7-15,0e046461-bc76-44da-bd09-84192a327d7e,1424196638,2611,1423606455416,0,"{""ONE_WAY_HASH"":""f1b9f5c86416ecb0846b22200761148952afcf2d""}","{""ONE_WAY_HASH"":""10ce34d837b1c11ec0496182e4e0d533522c9c30""}",,"{""ONE_WAY_HASH"":""da4b9237bacccdf19c0760cab7aec4a8359010b0""}",2
7e903809-11e0-425a-a1e6-fe51d109a4c7-15,0e046461-bc76-44da-bd09-84192a327d7e,1424196638,2610,1423603133196,0,"{""ONE_WAY_HASH"":""d88ba7b26701f3cf25612381e6cc9c60967b8356""}","{""ONE_WAY_HASH"":""109fc8e691b435f9fe8c72117351a86b74be3f95""}",,"{""ONE_WAY_HASH"":""da4b9237bacccdf19c0760cab7aec4a8359010b0""}",2
7e903809-11e0-425a-a1e6-fe51d109a4c7-15,0e046461-bc76-44da-bd09-84192a327d7e,1424196638,2609,1423583880873,641,"{""ONE_WAY_HASH"":""108290c8ff4695c925874c07f1a3541caa7b3a9f""}","{""ONE_WAY_HASH"":""f1fce9bafd747deaf6c22edababd4baa5cce15ff""}",,"{""ONE_WAY_HASH"":""902ba3cda1883801594b6e1b452790cc53948fda""}",2
7e903809-11e0-425a-a1e6-fe51d109a4c7-15,0e046461-bc76-44da-bd09-84192a327d7e,1424196638,2608,1423583839814,12,"{""ONE_WAY_HASH"":""967082f2aa15d0a0c0acc03ed8e64555840f63f""}","{""ONE_WAY_HASH"":""71762321b67873c7666af97a917b6f39b541507a""}",,"{""ONE_WAY_HASH"":""902ba3cda1883801594b6e1b452790cc53948fda""}",2
7e903809-11e0-425a-a1e6-fe51d109a4c7-15,0e046461-bc76-44da-bd09-84192a327d7e,1424196638,2607,1423583831133,0,"{""ONE_WAY_HASH"":""967082f2aa15d0a0c0acc03ed8e64555840f63f""}","{""ONE_WAY_HASH"":""71762321b67873c7666af97a917b6f39b541507a""}",,"{""ONE_WAY_HASH"":""902ba3cda1883801594b6e1b452790cc53948fda""}",2
7e903809-11e0-425a-a1e6-fe51d109a4c7-15,0e046461-bc76-44da-bd09-84192a327d7e,1424196638,2606,1423583826300,0,"{""ONE_WAY_HASH"":""967082f2aa15d0a0c0acc03ed8e64555840f63f""}","{""ONE_WAY_HASH"":""71762321b67873c7666af97a917b6f39b541507a""}",,"{""ONE_WAY_HASH"":""902ba3cda1883801594b6e1b452790cc53948fda""}",2
7e903809-11e0-425a-a1e6-fe51d109a4c7-15,0e046461-bc76-44da-bd09-84192a327d7e,1424196638,2605,1423583791313,11,"{""ONE_WAY_HASH"":""967082f2aa15d0a0c0acc03ed8e64555840f63f""}","{""ONE_WAY_HASH"":""71762321b67873c7666af97a917b6f39b541507a""}",,"{""ONE_WAY_HASH"":""902ba3cda1883801594b6e1b452790cc53948fda""}",2
7e903809-11e0-425a-a1e6-fe51d109a4c7-15,0e046461-bc76-44da-bd09-84192a327d7e,1424196638,2604,1423583783698,0,"{""ONE_WAY_HASH"":""108290c8ff4695c925874c07f1a3541caa7b3a9f""}","{""ONE_WAY_HASH"":""f1fce9bafd747deaf6c22edababd4baa5cce15ff""}",,"{""ONE_WAY_HASH"":""902ba3cda1883801594b6e1b452790cc53948fda""}",2
7e903809-11e0-425a-a1e6-fe51d109a4c7-15,0e046461-bc76-44da-bd09-84192a327d7e,1424196638,2603,1423530240656,210,"{""ONE_WAY_HASH"":""39342583b8b722d951824fa86580e404f1a3f457""}","{""ONE_WAY_HASH"":""e36ce705a378472515c93d4029da90ff3691044""}",,"{""ONE_WAY_HASH"":""902ba3cda1883801594b6e1b452790cc53948fda""}",2
7e903809-11e0-425a-a1e6-fe51d109a4c7-15,0e046461-bc76-44da-bd09-84192a327d7e,1424196638,2602,1423530234788,0,"{""ONE_WAY_HASH"":""39342583b8b722d951824fa86580e404f1a3f457""}","{""ONE_WAY_HASH"":""e36ce705a378472515c93d4029da90ff3691044""}",,"{""ONE_WAY_HASH"":""902ba3cda1883801594b6e1b452790cc53948fda""}",2
7e903809-11e0-425a-a1e6-fe51d109a4c7-15,0e046461-bc76-44da-bd09-84192a327d7e,1424196638,2601,1423529887274,305,"{""ONE_WAY_HASH"":""967082f2aa15d0a0c0acc03ed8e64555840f63f""}","{""ONE_WAY_HASH"":""4ffff2b60735ba2755645ecd81210dbc81b545a3""}",,"{""ONE_WAY_HASH"":""902ba3cda1883801594b6e1b452790cc53948fda""}",2
7e903809-11e0-425a-a1e6-fe51d109a4c7-15,0e046461-bc76-44da-bd09-84192a327d7e,1424196638,2600,1423529858888,9,"{""ONE_WAY_HASH"":""967082f2aa15d0a0c0acc03ed8e64555840f63f""}","{""ONE_WAY_HASH"":""4ffff2b60735ba2755645ecd81210dbc81b545a3""}",,"{""ONE_WAY_HASH"":""902ba3cda1883801594b6e1b452790cc53948fda""}",2
7e903809-11e0-425a-a1e6-fe51d109a4c7-15,0e046461-bc76-44da-bd09-84192a327d7e,1424196638,2599,1423506883783,14,"{""ONE_WAY_HASH"":""2a590befd72b5334de838dfc2ab81a695018dfd2""}","{""ONE_WAY_HASH"":""572ee3ed0e7c54f9f603f61190bc791804066242""}",,"{""ONE_WAY_HASH"":""902ba3cda1883801594b6e1b452790cc53948fda""}",1
7e903809-11e0-425a-a1e6-fe51d109a4c7-15,0e046461-bc76-44da-bd09-84192a327d7e,1424196638,2598,1423506132397,24,,"{""ONE_WAY_HASH"":""4d8a6fed3b37c9a7a034cbf5a9e8addb7636fbb6""}",,"{""ONE_WAY_HASH"":""b6589fc6ab0dc82cf12099d1c2d40ab994e8410c""}",1
7e903809-11e0-425a-a1e6-fe51d109a4c7-15,0e046461-bc76-44da-bd09-84192a327d7e,1424196638,2597,1423450377278,8,"{""ONE_WAY_HASH"":""b9f609aee4896d2267baf9f503c4e4eacd337b16""}","{""ONE_WAY_HASH"":""c30286a173fdb95f3282adcf88a198a59e63aa86""}",,"{""ONE_WAY_HASH"":""da4b9237bacccdf19c0760cab7aec4a8359010b0""}",1
7e903809-11e0-425a-a1e6-fe51d109a4c7-15,0e046461-bc76-44da-bd09-84192a327d7e,1424196638,2596,1423431748927,0,"{""ONE_WAY_HASH"":""f478003958fe55722063551a905e775b38eae015""}","{""ONE_WAY_HASH"":""4821368bee9567417e429bd5583de5e0182c2a06""}",,"{""ONE_WAY_HASH"":""da4b9237bacccdf19c0760cab7aec4a8359010b0""}",3
7e903809-11e0-425a-a1e6-fe51d109a4c7-15,0e046461-bc76-44da-bd09-84192a327d7e,1424196638,2595,1423426004750,26,"{""ONE_WAY_HASH"":""f6b12f80de7b2930174635d8e846ba3a1c693b24""}","{""ONE_WAY_HASH"":""4c572f8a4b0af6824249b5fe27267f72a84439c""}",,"{""ONE_WAY_HASH"":""902ba3cda1883801594b6e1b452790cc53948fda""}",2
7e903809-11e0-425a-a1e6-fe51d109a4c7-15,0e046461-bc76-44da-bd09-84192a327d7e,1424196638,2594,1423379363370,0,"{""ONE_WAY_HASH"":""61c82fe7adbb47f90b3b27e26f9956bc65bb914c""}","{""ONE_WAY_HASH"":""dfcadc0e7fc3f1ee5f82b7b906b3fb7876d94256""}",,"{""ONE_WAY_HASH"":""902ba3cda1883801594b6e1b452790cc53948fda""}",1
7e903809-11e0-425a-a1e6-fe51d109a4c7-15,0e046461-bc76-44da-bd09-84192a327d7e,1424196638,2593,1423378190305,21,"{""ONE_WAY_HASH"":""61c82fe7adbb47f90b3b27e26f9956bc65bb914c""}","{""ONE_WAY_HASH"":""dfcadc0e7fc3f1ee5f82b7b906b3fb7876d94256""}",,"{""ONE_WAY_HASH"":""902ba3cda1883801594b6e1b452790cc53948fda""}",1
7e903809-11e0-425a-a1e6-fe51d109a4c7-15,0e046461-bc76-44da-bd09-84192a327d7e,1424196638,2592,1423376452432,49,"{""ONE_WAY_HASH"":""f6b12f80de7b2930174635d8e846ba3a1c693b24""}","{""ONE_WAY_HASH"":""4c572f8a4b0af6824249b5fe27267f72a84439c""}",,"{""ONE_WAY_HASH"":""902ba3cda1883801594b6e1b452790cc53948fda""}",2
7e903809-11e0-425a-a1e6-fe51d109a4c7-15,0e046461-bc76-44da-bd09-84192a327d7e,1424196638,2591,1423376436369,2,"{""ONE_WAY_HASH"":""f6b12f80de7b2930174635d8e846ba3a1c693b24""}","{""ONE_WAY_HASH"":""344290f4f195224f14d6eb5f85424c04013c4d37""}",,"{""ONE_WAY_HASH"":""902ba3cda1883801594b6e1b452790cc53948fda""}",2
7e903809-11e0-425a-a1e6-fe51d109a4c7-15,0e046461-bc76-44da-bd09-84192a327d7e,1424196638,2590,1423376427588,0,"{""ONE_WAY_HASH"":""f6b12f80de7b2930174635d8e846ba3a1c693b24""}","{""ONE_WAY_HASH"":""344290f4f195224f14d6eb5f85424c04013c4d37""}",,"{""ONE_WAY_HASH"":""902ba3cda1883801594b6e1b452790cc53948fda""}",3
7e903809-11e0-425a-a1e6-fe51d109a4c7-15,0e046461-bc76-44da-bd09-84192a327d7e,1424196638,2589,1423357458467,13,"{""ONE_WAY_HASH"":""bb337add83b220643ef0cf2c169b00060f0d036f""}","{""ONE_WAY_HASH"":""6b5a2a01b25b8ddaab0b7a2692745b38d3144841""}",,"{""ONE_WAY_HASH"":""da4b9237bacccdf19c0760cab7aec4a8359010b0""}",1
7e903809-11e0-425a-a1e6-fe51d109a4c7-15,0e046461-bc76-44da-bd09-84192a327d7e,1424196638,2588,1423351746639,25,"{""ONE_WAY_HASH"":""9a69b203c00783243870800405ec68221d94d10b""}","{""ONE_WAY_HASH"":""ceb1e0cc34f41e16422d638e08d9aee17334049""}",,"{""ONE_WAY_HASH"":""da4b9237bacccdf19c0760cab7aec4a8359010b0""}",2
7e903809-11e0-425a-a1e6-fe51d109a4c7-15,0e046461-bc76-44da-bd09-84192a327d7e,1424196638,2587,1423351525427,0,"{""ONE_WAY_HASH"":""1ce296c791f075aee3daba92d22e1cd1279493c3""}","{""ONE_WAY_HASH"":""62e285a269d36e4253e844a5da59912c59c00251""}",,"{""ONE_WAY_HASH"":""da4b9237bacccdf19c0760cab7aec4a8359010b0""}",2
7e903809-11e0-425a-a1e6-fe51d109a4c7-15,0e046461-bc76-44da-bd09-84192a327d7e,1424196638,2586,1423351476675,2,"{""ONE_WAY_HASH"":""d88ba7b26701f3cf25612381e6cc9c60967b8356""}","{""ONE_WAY_HASH"":""109fc8e691b435f9fe8c72117351a86b74be3f95""}",,"{""ONE_WAY_HASH"":""da4b9237bacccdf19c0760cab7aec4a8359010b0""}",2
7e903809-11e0-425a-a1e6-fe51d109a4c7-15,0e046461-bc76-44da-bd09-84192a327d7e,1424196638,2585,1423351428121,1,"{""ONE_WAY_HASH"":""d1a04dc9526894b225d26cbf9be2a1888dba835a""}","{""ONE_WAY_HASH"":""abe63436413300f9d3834fb8210a0b127121ce4""}",,"{""ONE_WAY_HASH"":""da4b9237bacccdf19c0760cab7aec4a8359010b0""}",2
7e903809-11e0-425a-a1e6-fe51d109a4c7-15,0e046461-bc76-44da-bd09-84192a327d7e,1424196638,2584,1423345339556,0,"{""ONE_WAY_HASH"":""f6b12f80de7b2930174635d8e846ba3a1c693b24""}","{""ONE_WAY_HASH"":""344290f4f195224f14d6eb5f85424c04013c4d37""}",,"{""ONE_WAY_HASH"":""902ba3cda1883801594b6e1b452790cc53948fda""}",3
7e903809-11e0-425a-a1e6-fe51d109a4c7-15,0e046461-bc76-44da-bd09-84192a327d7e,1424196638,2583,1423283809493,92,"{""ONE_WAY_HASH"":""61c82fe7adbb47f90b3b27e26f9956bc65bb914c""}","{""ONE_WAY_HASH"":""dfcadc0e7fc3f1ee5f82b7b906b3fb7876d94256""}",,"{""ONE_WAY_HASH"":""902ba3cda1883801594b6e1b452790cc53948fda""}",2
7e903809-11e0-425a-a1e6-fe51d109a4c7-15,0e046461-bc76-44da-bd09-84192a327d7e,1424196638,2582,1423280217809,0,"{""ONE_WAY_HASH"":""61c82fe7adbb47f90b3b27e26f9956bc65bb914c""}","{""ONE_WAY_HASH"":""dfcadc0e7fc3f1ee5f82b7b906b3fb7876d94256""}",,"{""ONE_WAY_HASH"":""902ba3cda1883801594b6e1b452790cc53948fda""}",3
7e903809-11e0-425a-a1e6-fe51d109a4c7-15,0e046461-bc76-44da-bd09-84192a327d7e,1424196638,2581,1423276790289,32,"{""ONE_WAY_HASH"":""f8791e98b93bee3f1a0de125733ceff81c85bbda""}","{""ONE_WAY_HASH"":""3a09a8094b3d7f4c09f06df94c4dc0a708d8b5e6""}",,"{""ONE_WAY_HASH"":""da4b9237bacccdf19c0760cab7aec4a8359010b0""}",2
7e903809-11e0-425a-a1e6-fe51d109a4c7-15,0e046461-bc76-44da-bd09-84192a327d7e,1424196638,2580,1423256603385,8,"{""ONE_WAY_HASH"":""3caee80dc26a8efc9f0a7e8c4a87d63e13773e34""}","{""ONE_WAY_HASH"":""525fe2c17e2679c405e6c10d4d6d061065656b96""}",,"{""ONE_WAY_HASH"":""da4b9237bacccdf19c0760cab7aec4a8359010b0""}",2
7e903809-11e0-425a-a1e6-fe51d109a4c7-15,0e046461-bc76-44da-bd09-84192a327d7e,1424196638,2579,1423256206855,83,"{""ONE_WAY_HASH"":""635a44566ace04dca6b1eef725a8c5ffc48d45c8""}","{""ONE_WAY_HASH"":""24e053575743e7b8136c2e44f47e1f047a0f03cb""}",,"{""ONE_WAY_HASH"":""da4b9237bacccdf19c0760cab7aec4a8359010b0""}",2
7e903809-11e0-425a-a1e6-fe51d109a4c7-15,0e046461-bc76-44da-bd09-84192a327d7e,1424196638,2578,1423255874067,28,"{""ONE_WAY_HASH"":""3caee80dc26a8efc9f0a7e8c4a87d63e13773e34""}","{""ONE_WAY_HASH"":""525fe2c17e2679c405e6c10d4d6d061065656b96""}",,"{""ONE_WAY_HASH"":""da4b9237bacccdf19c0760cab7aec4a8359010b0""}",2
7e903809-11e0-425a-a1e6-fe51d109a4c7-15,0e046461-bc76-44da-bd09-84192a327d7e,1424196638,2577,1423255149698,703,"{""ONE_WAY_HASH"":""108290c8ff4695c925874c07f1a3541caa7b3a9f""}","{""ONE_WAY_HASH"":""f1fce9bafd747deaf6c22edababd4baa5cce15ff""}",,"{""ONE_WAY_HASH"":""902ba3cda1883801594b6e1b452790cc53948fda""}",2
7e903809-11e0-425a-a1e6-fe51d109a4c7-15,0e046461-bc76-44da-bd09-84192a327d7e,1424196638,2576,1423255104614,27,"{""ONE_WAY_HASH"":""108290c8ff4695c925874c07f1a3541caa7b3a9f""}","{""ONE_WAY_HASH"":""51dfdf84c92e088c257ca8ed852d0e56bdf78176""}",,"{""ONE_WAY_HASH"":""902ba3cda1883801594b6e1b452790cc53948fda""}",2
7e903809-11e0-425a-a1e6-fe51d109a4c7-15,0e046461-bc76-44da-bd09-84192a327d7e,1424196638,2575,1423255070271,20,"{""ONE_WAY_HASH"":""108290c8ff4695c925874c07f1a3541caa7b3a9f""}","{""ONE_WAY_HASH"":""51dfdf84c92e088c257ca8ed852d0e56bdf78176""}",,"{""ONE_WAY_HASH"":""902ba3cda1883801594b6e1b452790cc53948fda""}",1
7e903809-11e0-425a-a1e6-fe51d109a4c7-15,0e046461-bc76-44da-bd09-84192a327d7e,1424196638,2574,1423192481845,248,"{""ONE_WAY_HASH"":""967082f2aa15d0a0c0acc03ed8e64555840f63f""}","{""ONE_WAY_HASH"":""d63c2d6d1abe09a135513a708db70e6b6b0cfe44""}",,"{""ONE_WAY_HASH"":""902ba3cda1883801594b6e1b452790cc53948fda""}",1
7e903809-11e0-425a-a1e6-fe51d109a4c7-15,0e046461-bc76-44da-bd09-84192a327d7e,1424196638,2573,1423192242460,236,"{""ONE_WAY_HASH"":""39342583b8b722d951824fa86580e404f1a3f457""}","{""ONE_WAY_HASH"":""e36ce705a378472515c93d4029da90ff3691044""}",,"{""ONE_WAY_HASH"":""902ba3cda1883801594b6e1b452790cc53948fda""}",2
7e903809-11e0-425a-a1e6-fe51d109a4c7-15,0e046461-bc76-44da-bd09-84192a327d7e,1424196638,2572,1423192186609,29,"{""ONE_WAY_HASH"":""967082f2aa15d0a0c0acc03ed8e64555840f63f""}","{""ONE_WAY_HASH"":""4ffff2b60735ba2755645ecd81210dbc81b545a3""}",,"{""ONE_WAY_HASH"":""902ba3cda1883801594b6e1b452790cc53948fda""}",2
7e903809-11e0-425a-a1e6-fe51d109a4c7-15,0e046461-bc76-44da-bd09-84192a327d7e,1424196638,2571,1423192112154,7,"{""ONE_WAY_HASH"":""967082f2aa15d0a0c0acc03ed8e64555840f63f""}","{""ONE_WAY_HASH"":""71762321b67873c7666af97a917b6f39b541507a""}",,"{""ONE_WAY_HASH"":""902ba3cda1883801594b6e1b452790cc53948fda""}",2
7e903809-11e0-425a-a1e6-fe51d109a4c7-15,0e046461-bc76-44da-bd09-84192a327d7e,1424196638,2570,1423181362431,12,,"{""ONE_WAY_HASH"":""81c2a1b42f71b82895a79082d311eaebd9e931cb""}",,"{""ONE_WAY_HASH"":""b6589fc6ab0dc82cf12099d1c2d40ab994e8410c""}",1
7e903809-11e0-425a-a1e6-fe51d109a4c7-15,0e046461-bc76-44da-bd09-84192a327d7e,1424196638,2569,1423173983975,99,"{""ONE_WAY_HASH"":""108290c8ff4695c925874c07f1a3541caa7b3a9f""}","{""ONE_WAY_HASH"":""51dfdf84c92e088c257ca8ed852d0e56bdf78176""}",,"{""ONE_WAY_HASH"":""902ba3cda1883801594b6e1b452790cc53948fda""}",1
7e903809-11e0-425a-a1e6-fe51d109a4c7-15,0e046461-bc76-44da-bd09-84192a327d7e,1424196638,2568,1423101831635,7,"{""ONE_WAY_HASH"":""f4ff934b7cf0c018c61e656e1c6df80d2e375764""}","{""ONE_WAY_HASH"":""f985ac326e66c368318d06f5830a11dd387e5902""}",,"{""ONE_WAY_HASH"":""da4b9237bacccdf19c0760cab7aec4a8359010b0""}",2
7e903809-11e0-425a-a1e6-fe51d109a4c7-15,0e046461-bc76-44da-bd09-84192a327d7e,1424196638,2567,1423101059400,23,"{""ONE_WAY_HASH"":""dc886d1efb1ae1477e28e78392e226091449f0ad""}","{""ONE_WAY_HASH"":""4f80c5d83d98b4dcaf119a13671d9a6d0af903bf""}",,"{""ONE_WAY_HASH"":""902ba3cda1883801594b6e1b452790cc53948fda""}",2
7e903809-11e0-425a-a1e6-fe51d109a4c7-15,0e046461-bc76-44da-bd09-84192a327d7e,1424196638,2566,1423023576922,50,"{""ONE_WAY_HASH"":""d16254a07328d7a6ad0e16ff49a04e34f6fb0dda""}","{""ONE_WAY_HASH"":""bfb6a27e85315aeb86d6e211bbe25f3bbcd4c784""}",,"{""ONE_WAY_HASH"":""da4b9237bacccdf19c0760cab7aec4a8359010b0""}",2
7e903809-11e0-425a-a1e6-fe51d109a4c7-15,0e046461-bc76-44da-bd09-84192a327d7e,1424196638,2565,1423020866327,2319,"{""ONE_WAY_HASH"":""74544aac9c9c2a2491c77bd9b43a689cd8e16d1b""}","{""ONE_WAY_HASH"":""15aa74eccc442a38b330ae54cc4a4aa458a154fe""}",,"{""ONE_WAY_HASH"":""902ba3cda1883801594b6e1b452790cc53948fda""}",1
7e903809-11e0-425a-a1e6-fe51d109a4c7-15,0e046461-bc76-44da-bd09-84192a327d7e,1424196638,2564,1423020273706,25,"{""ONE_WAY_HASH"":""74544aac9c9c2a2491c77bd9b43a689cd8e16d1b""}","{""ONE_WAY_HASH"":""128fc6467eeacd5027b17d57709a609ee90e425d""}",,"{""ONE_WAY_HASH"":""902ba3cda1883801594b6e1b452790cc53948fda""}",2
7e903809-11e0-425a-a1e6-fe51d109a4c7-15,0e046461-bc76-44da-bd09-84192a327d7e,1424196638,2563,1423001872149,35,,"{""ONE_WAY_HASH"":""1f87f7c3e25ccff3f5115f95d893f0b9b847cc96""}",,"{""ONE_WAY_HASH"":""b6589fc6ab0dc82cf12099d1c2d40ab994e8410c""}",2
7e903809-11e0-425a-a1e6-fe51d109a4c7-15,0e046461-bc76-44da-bd09-84192a327d7e,1424196638,2562,1422919391487,0,"{""ONE_WAY_HASH"":""d16254a07328d7a6ad0e16ff49a04e34f6fb0dda""}","{""ONE_WAY_HASH"":""1c6412bd018a3866e3fd2dd60678f2d85bf15d14""}",,"{""ONE_WAY_HASH"":""da4b9237bacccdf19c0760cab7aec4a8359010b0""}",2
7e903809-11e0-425a-a1e6-fe51d109a4c7-15,0e046461-bc76-44da-bd09-84192a327d7e,1424196638,2561,1422896593656,1594,"{""ONE_WAY_HASH"":""108290c8ff4695c925874c07f1a3541caa7b3a9f""}","{""ONE_WAY_HASH"":""3f233e67d2093bbfbf86ddfa8ef9356fba4ab808""}",,"{""ONE_WAY_HASH"":""902ba3cda1883801594b6e1b452790cc53948fda""}",2
7e903809-11e0-425a-a1e6-fe51d109a4c7-15,0e046461-bc76-44da-bd09-84192a327d7e,1424196638,2560,1422896481755,32,"{""ONE_WAY_HASH"":""2fd66bef26f29eb35e8c78cb2ec0460d32bf3a20""}","{""ONE_WAY_HASH"":""c96d31746461225fef1ac98e7da8e1ebb848d4ba""}",,"{""ONE_WAY_HASH"":""902ba3cda1883801594b6e1b452790cc53948fda""}",2
7e903809-11e0-425a-a1e6-fe51d109a4c7-15,0e046461-bc76-44da-bd09-84192a327d7e,1424196638,2559,1422896004154,389,"{""ONE_WAY_HASH"":""967082f2aa15d0a0c0acc03ed8e64555840f63f""}","{""ONE_WAY_HASH"":""4ffff2b60735ba2755645ecd81210dbc81b545a3""}",,"{""ONE_WAY_HASH"":""902ba3cda1883801594b6e1b452790cc53948fda""}",2
7e903809-11e0-425a-a1e6-fe51d109a4c7-15,0e046461-bc76-44da-bd09-84192a327d7e,1424196638,2558,1422833731792,35,"{""ONE_WAY_HASH"":""9a69b203c00783243870800405ec68221d94d10b""}","{""ONE_WAY_HASH"":""ceb1e0cc34f41e16422d638e08d9aee17334049""}",,"{""ONE_WAY_HASH"":""da4b9237bacccdf19c0760cab7aec4a8359010b0""}",2
7e903809-11e0-425a-a1e6-fe51d109a4c7-15,0e046461-bc76-44da-bd09-84192a327d7e,1424196638,2557,1422535408872,57,"{""ONE_WAY_HASH"":""aae4f4a93366f0ef31deb9e43dc4be3ee4a70e61""}","{""ONE_WAY_HASH"":""bef3d11db5bea5d3240362aa869e4475dae62d63""}",,"{""ONE_WAY_HASH"":""da4b9237bacccdf19c0760cab7aec4a8359010b0""}",2
7e903809-11e0-425a-a1e6-fe51d109a4c7-15,0e046461-bc76-44da-bd09-84192a327d7e,1424196638,2556,1422506424051,4,"{""ONE_WAY_HASH"":""f478003958fe55722063551a905e775b38eae015""}","{""ONE_WAY_HASH"":""4821368bee9567417e429bd5583de5e0182c2a06""}",,"{""ONE_WAY_HASH"":""da4b9237bacccdf19c0760cab7aec4a8359010b0""}",2
7e903809-11e0-425a-a1e6-fe51d109a4c7-15,0e046461-bc76-44da-bd09-84192a327d7e,1424196638,2555,1422506371582,0,"{""ONE_WAY_HASH"":""f478003958fe55722063551a905e775b38eae015""}","{""ONE_WAY_HASH"":""4821368bee9567417e429bd5583de5e0182c2a06""}",,"{""ONE_WAY_HASH"":""da4b9237bacccdf19c0760cab7aec4a8359010b0""}",3
7e903809-11e0-425a-a1e6-fe51d109a4c7-15,0e046461-bc76-44da-bd09-84192a327d7e,1424196638,2554,1422504113316,240,"{""ONE_WAY_HASH"":""c710cbc46c097630a35b2ce4ab23bbf1001b79b2""}","{""ONE_WAY_HASH"":""1a3a40010d834fa2a04f72415df29448dfd2276c""}",,"{""ONE_WAY_HASH"":""902ba3cda1883801594b6e1b452790cc53948fda""}",2
7e903809-11e0-425a-a1e6-fe51d109a4c7-15,0e046461-bc76-44da-bd09-84192a327d7e,1424196638,2553,1422502869962,21,"{""ONE_WAY_HASH"":""a24690f5d0ce25dbee705981da5c1f6c55ee2d58""}","{""ONE_WAY_HASH"":""1fac20cbff340d12de6577145842b053b1cd64e9""}",,"{""ONE_WAY_HASH"":""da4b9237bacccdf19c0760cab7aec4a8359010b0""}",2
7e903809-11e0-425a-a1e6-fe51d109a4c7-15,0e046461-bc76-44da-bd09-84192a327d7e,1424196638,2552,1422496721485,1198,"{""ONE_WAY_HASH"":""6ee0d2090251784450b663696644517f71931d8b""}","{""ONE_WAY_HASH"":""2083b6b3a16c701ca2b054902e645a9b02f53865""}",,"{""ONE_WAY_HASH"":""356a192b7913b04c54574d18c28d46e6395428ab""}",2
7e903809-11e0-425a-a1e6-fe51d109a4c7-15,0e046461-bc76-44da-bd09-84192a327d7e,1424196638,2551,1422496674534,27,"{""ONE_WAY_HASH"":""6ee0d2090251784450b663696644517f71931d8b""}","{""ONE_WAY_HASH"":""2083b6b3a16c701ca2b054902e645a9b02f53865""}",,"{""ONE_WAY_HASH"":""356a192b7913b04c54574d18c28d46e6395428ab""}",2
7e903809-11e0-425a-a1e6-fe51d109a4c7-15,0e046461-bc76-44da-bd09-84192a327d7e,1424196638,2550,1422496183088,0,"{""ONE_WAY_HASH"":""6ee0d2090251784450b663696644517f71931d8b""}","{""ONE_WAY_HASH"":""2083b6b3a16c701ca2b054902e645a9b02f53865""}",,"{""ONE_WAY_HASH"":""356a192b7913b04c54574d18c28d46e6395428ab""}",3
7e903809-11e0-425a-a1e6-fe51d109a4c7-15,0e046461-bc76-44da-bd09-84192a327d7e,1424196638,2549,1422407268214,25,"{""ONE_WAY_HASH"":""967082f2aa15d0a0c0acc03ed8e64555840f63f""}","{""ONE_WAY_HASH"":""71762321b67873c7666af97a917b6f39b541507a""}",,"{""ONE_WAY_HASH"":""902ba3cda1883801594b6e1b452790cc53948fda""}",2
7e903809-11e0-425a-a1e6-fe51d109a4c7-15,0e046461-bc76-44da-bd09-84192a327d7e,1424196638,2548,1422407235878,6,"{""ONE_WAY_HASH"":""88d01c99781cc1b76fd6c6250e3ec45da9fb145d""}","{""ONE_WAY_HASH"":""16c4b40d1d16b40eba5ba879beea92952b7a9cbc""}",,"{""ONE_WAY_HASH"":""902ba3cda1883801594b6e1b452790cc53948fda""}",2
7e903809-11e0-425a-a1e6-fe51d109a4c7-15,0e046461-bc76-44da-bd09-84192a327d7e,1424196638,2547,1422407188844,10,"{""ONE_WAY_HASH"":""108290c8ff4695c925874c07f1a3541caa7b3a9f""}","{""ONE_WAY_HASH"":""f1fce9bafd747deaf6c22edababd4baa5cce15ff""}",,"{""ONE_WAY_HASH"":""902ba3cda1883801594b6e1b452790cc53948fda""}",2
7e903809-11e0-425a-a1e6-fe51d109a4c7-15,0e046461-bc76-44da-bd09-84192a327d7e,1424196638,2546,1422324675610,955,"{""ONE_WAY_HASH"":""74544aac9c9c2a2491c77bd9b43a689cd8e16d1b""}","{""ONE_WAY_HASH"":""128fc6467eeacd5027b17d57709a609ee90e425d""}",,"{""ONE_WAY_HASH"":""902ba3cda1883801594b6e1b452790cc53948fda""}",2
7e903809-11e0-425a-a1e6-fe51d109a4c7-15,0e046461-bc76-44da-bd09-84192a327d7e,1424196638,2545,1422324622349,0,"{""ONE_WAY_HASH"":""108290c8ff4695c925874c07f1a3541caa7b3a9f""}","{""ONE_WAY_HASH"":""51dfdf84c92e088c257ca8ed852d0e56bdf78176""}",,"{""ONE_WAY_HASH"":""902ba3cda1883801594b6e1b452790cc53948fda""}",2
7e903809-11e0-425a-a1e6-fe51d109a4c7-15,0e046461-bc76-44da-bd09-84192a327d7e,1424196638,2544,1422324618193,0,"{""ONE_WAY_HASH"":""108290c8ff4695c925874c07f1a3541caa7b3a9f""}","{""ONE_WAY_HASH"":""51dfdf84c92e088c257ca8ed852d0e56bdf78176""}",,"{""ONE_WAY_HASH"":""902ba3cda1883801594b6e1b452790cc53948fda""}",2
7e903809-11e0-425a-a1e6-fe51d109a4c7-15,0e046461-bc76-44da-bd09-84192a327d7e,1424196638,2543,1422324580674,5,"{""ONE_WAY_HASH"":""108290c8ff4695c925874c07f1a3541caa7b3a9f""}","{""ONE_WAY_HASH"":""3f233e67d2093bbfbf86ddfa8ef9356fba4ab808""}",,"{""ONE_WAY_HASH"":""902ba3cda1883801594b6e1b452790cc53948fda""}",2
7e903809-11e0-425a-a1e6-fe51d109a4c7-15,0e046461-bc76-44da-bd09-84192a327d7e,1424196638,2542,1422321700164,0,"{""ONE_WAY_HASH"":""108290c8ff4695c925874c07f1a3541caa7b3a9f""}","{""ONE_WAY_HASH"":""51dfdf84c92e088c257ca8ed852d0e56bdf78176""}",,"{""ONE_WAY_HASH"":""902ba3cda1883801594b6e1b452790cc53948fda""}",3
7e903809-11e0-425a-a1e6-fe51d109a4c7-15,0e046461-bc76-44da-bd09-84192a327d7e,1424196638,2541,1422317717138,8,"{""ONE_WAY_HASH"":""108290c8ff4695c925874c07f1a3541caa7b3a9f""}","{""ONE_WAY_HASH"":""3f233e67d2093bbfbf86ddfa8ef9356fba4ab808""}",,"{""ONE_WAY_HASH"":""902ba3cda1883801594b6e1b452790cc53948fda""}",2
7e903809-11e0-425a-a1e6-fe51d109a4c7-15,0e046461-bc76-44da-bd09-84192a327d7e,1424196638,2540,1422313346628,1028,"{""ONE_WAY_HASH"":""39342583b8b722d951824fa86580e404f1a3f457""}","{""ONE_WAY_HASH"":""e36ce705a378472515c93d4029da90ff3691044""}",,"{""ONE_WAY_HASH"":""902ba3cda1883801594b6e1b452790cc53948fda""}",2
7e903809-11e0-425a-a1e6-fe51d109a4c7-15,0e046461-bc76-44da-bd09-84192a327d7e,1424196638,2539,1422304256224,1,"{""ONE_WAY_HASH"":""f4ff934b7cf0c018c61e656e1c6df80d2e375764""}","{""ONE_WAY_HASH"":""f985ac326e66c368318d06f5830a11dd387e5902""}",,"{""ONE_WAY_HASH"":""da4b9237bacccdf19c0760cab7aec4a8359010b0""}",2
7e903809-11e0-425a-a1e6-fe51d109a4c7-15,0e046461-bc76-44da-bd09-84192a327d7e,1424196638,2538,1422303832446,0,"{""ONE_WAY_HASH"":""9a69b203c00783243870800405ec68221d94d10b""}","{""ONE_WAY_HASH"":""a2c729ab00236b820f99886a04eb418ed17d4868""}",,"{""ONE_WAY_HASH"":""da4b9237bacccdf19c0760cab7aec4a8359010b0""}",3
7e903809-11e0-425a-a1e6-fe51d109a4c7-15,0e046461-bc76-44da-bd09-84192a327d7e,1424196638,2537,1422226767154,9,"{""ONE_WAY_HASH"":""cbecfefe023ae17662650d807ce92c9af818b1be""}","{""ONE_WAY_HASH"":""ea5f039709b9758a5250a322ad0077a537758411""}",,"{""ONE_WAY_HASH"":""da4b9237bacccdf19c0760cab7aec4a8359010b0""}",1
7e903809-11e0-425a-a1e6-fe51d109a4c7-15,0e046461-bc76-44da-bd09-84192a327d7e,1424196638,2536,1422218263719,3,"{""ONE_WAY_HASH"":""dc886d1efb1ae1477e28e78392e226091449f0ad""}","{""ONE_WAY_HASH"":""5f99921a40a439d734baa4764434710aad6d6ea8""}","{""ONE_WAY_HASH"":""5f99921a40a439d734baa4764434710aad6d6ea8""}","{""ONE_WAY_HASH"":""da4b9237bacccdf19c0760cab7aec4a8359010b0""}",2
7e903809-11e0-425a-a1e6-fe51d109a4c7-15,0e046461-bc76-44da-bd09-84192a327d7e,1424196638,2535,1422158983918,23,"{""ONE_WAY_HASH"":""d16254a07328d7a6ad0e16ff49a04e34f6fb0dda""}","{""ONE_WAY_HASH"":""1c6412bd018a3866e3fd2dd60678f2d85bf15d14""}",,"{""ONE_WAY_HASH"":""da4b9237bacccdf19c0760cab7aec4a8359010b0""}",1
7e903809-11e0-425a-a1e6-fe51d109a4c7-15,0e046461-bc76-44da-bd09-84192a327d7e,1424196638,2534,1422144104989,5,"{""ONE_WAY_HASH"":""2e0c6f91fd367bd943ff6e8c8e4b2e2776ada937""}","{""ONE_WAY_HASH"":""57786f4eb7bfdab8bda28a8197335e281de9af53""}",,"{""ONE_WAY_HASH"":""da4b9237bacccdf19c0760cab7aec4a8359010b0""}",2
7e903809-11e0-425a-a1e6-fe51d109a4c7-15,0e046461-bc76-44da-bd09-84192a327d7e,1424196638,2533,1422125514973,0,"{""ONE_WAY_HASH"":""4deadc9055fd680251c15d83acfb5acaf8b23492""}","{""ONE_WAY_HASH"":""594e7601452909ddf8d447daa78269af1b4a10d""}",,"{""ONE_WAY_HASH"":""da4b9237bacccdf19c0760cab7aec4a8359010b0""}",3
7e903809-11e0-425a-a1e6-fe51d109a4c7-15,0e046461-bc76-44da-bd09-84192a327d7e,1424196638,2532,1422125220523,13,"{""ONE_WAY_HASH"":""a24690f5d0ce25dbee705981da5c1f6c55ee2d58""}","{""ONE_WAY_HASH"":""1fac20cbff340d12de6577145842b053b1cd64e9""}",,"{""ONE_WAY_HASH"":""da4b9237bacccdf19c0760cab7aec4a8359010b0""}",2
7e903809-11e0-425a-a1e6-fe51d109a4c7-15,0e046461-bc76-44da-bd09-84192a327d7e,1424196638,2531,1422125150104,53,"{""ONE_WAY_HASH"":""a24690f5d0ce25dbee705981da5c1f6c55ee2d58""}","{""ONE_WAY_HASH"":""1fac20cbff340d12de6577145842b053b1cd64e9""}",,"{""ONE_WAY_HASH"":""da4b9237bacccdf19c0760cab7aec4a8359010b0""}",2
7e903809-11e0-425a-a1e6-fe51d109a4c7-17,0e046461-bc76-44da-bd09-84192a327d7e,1424196638,2530,1422125145460,0,"{""ONE_WAY_HASH"":""4321a606233b83b131948c366c11309888ed89c2""}","{""ONE_WAY_HASH"":""a26f8f93a7699db15d9feac22afe372ae5872e92""}",,"{""ONE_WAY_HASH"":""da4b9237bacccdf19c0760cab7aec4a8359010b0""}",2
7e903809-11e0-425a-a1e6-fe51d109a4c7-17,0e046461-bc76-44da-bd09-84192a327d7e,1424196638,2529,1422124949088,46,"{""ONE_WAY_HASH"":""a24690f5d0ce25dbee705981da5c1f6c55ee2d58""}","{""ONE_WAY_HASH"":""1fac20cbff340d12de6577145842b053b1cd64e9""}",,"{""ONE_WAY_HASH"":""da4b9237bacccdf19c0760cab7aec4a8359010b0""}",2
7e903809-11e0-425a-a1e6-fe51d109a4c7-17,0e046461-bc76-44da-bd09-84192a327d7e,1424196638,2528,1422124765450,0,"{""ONE_WAY_HASH"":""4321a606233b83b131948c366c11309888ed89c2""}","{""ONE_WAY_HASH"":""a26f8f93a7699db15d9feac22afe372ae5872e92""}",,"{""ONE_WAY_HASH"":""da4b9237bacccdf19c0760cab7aec4a8359010b0""}",3
7e903809-11e0-425a-a1e6-fe51d109a4c7-17,0e046461-bc76-44da-bd09-84192a327d7e,1424196638,2527,1422124227629,46,"{""ONE_WAY_HASH"":""ae5f297e388feb092de17036556017d56f51bd82""}","{""ONE_WAY_HASH"":""fae286d9ba6d43f5976b7a4161634c03f0c4d88f""}",,"{""ONE_WAY_HASH"":""da4b9237bacccdf19c0760cab7aec4a8359010b0""}",2
7e903809-11e0-425a-a1e6-fe51d109a4c7-17,0e046461-bc76-44da-bd09-84192a327d7e,1424196638,2526,1422116684603,225,"{""ONE_WAY_HASH"":""108290c8ff4695c925874c07f1a3541caa7b3a9f""}","{""ONE_WAY_HASH"":""51dfdf84c92e088c257ca8ed852d0e56bdf78176""}",,"{""ONE_WAY_HASH"":""902ba3cda1883801594b6e1b452790cc53948fda""}",2
7e903809-11e0-425a-a1e6-fe51d109a4c7-17,0e046461-bc76-44da-bd09-84192a327d7e,1424196638,2525,1422116110350,2,"{""ONE_WAY_HASH"":""108290c8ff4695c925874c07f1a3541caa7b3a9f""}","{""ONE_WAY_HASH"":""51dfdf84c92e088c257ca8ed852d0e56bdf78176""}",,"{""ONE_WAY_HASH"":""902ba3cda1883801594b6e1b452790cc53948fda""}",2
7e903809-11e0-425a-a1e6-fe51d109a4c7-17,0e046461-bc76-44da-bd09-84192a327d7e,1424196638,2524,1422116001784,0,"{""ONE_WAY_HASH"":""108290c8ff4695c925874c07f1a3541caa7b3a9f""}","{""ONE_WAY_HASH"":""51dfdf84c92e088c257ca8ed852d0e56bdf78176""}",,"{""ONE_WAY_HASH"":""902ba3cda1883801594b6e1b452790cc53948fda""}",3
7e903809-11e0-425a-a1e6-fe51d109a4c7-17,0e046461-bc76-44da-bd09-84192a327d7e,1424196638,2523,1422114165062,0,"{""ONE_WAY_HASH"":""967082f2aa15d0a0c0acc03ed8e64555840f63f""}","{""ONE_WAY_HASH"":""71762321b67873c7666af97a917b6f39b541507a""}",,"{""ONE_WAY_HASH"":""902ba3cda1883801594b6e1b452790cc53948fda""}",2
7e903809-11e0-425a-a1e6-fe51d109a4c7-17,0e046461-bc76-44da-bd09-84192a327d7e,1424196638,2522,1422114027882,3,"{""ONE_WAY_HASH"":""108290c8ff4695c925874c07f1a3541caa7b3a9f""}","{""ONE_WAY_HASH"":""f1fce9bafd747deaf6c22edababd4baa5cce15ff""}",,"{""ONE_WAY_HASH"":""902ba3cda1883801594b6e1b452790cc53948fda""}",2
7e903809-11e0-425a-a1e6-fe51d109a4c7-17,0e046461-bc76-44da-bd09-84192a327d7e,1424196638,2521,1422113864906,3,"{""ONE_WAY_HASH"":""108290c8ff4695c925874c07f1a3541caa7b3a9f""}","{""ONE_WAY_HASH"":""f1fce9bafd747deaf6c22edababd4baa5cce15ff""}",,"{""ONE_WAY_HASH"":""902ba3cda1883801594b6e1b452790cc53948fda""}",2
7e903809-11e0-425a-a1e6-fe51d109a4c7-17,0e046461-bc76-44da-bd09-84192a327d7e,1424196638,2520,1422039188402,78,"{""ONE_WAY_HASH"":""2a590befd72b5334de838dfc2ab81a695018dfd2""}","{""ONE_WAY_HASH"":""572ee3ed0e7c54f9f603f61190bc791804066242""}",,"{""ONE_WAY_HASH"":""902ba3cda1883801594b6e1b452790cc53948fda""}",2
7e903809-11e0-425a-a1e6-fe51d109a4c7-17,0e046461-bc76-44da-bd09-84192a327d7e,1424196638,2519,1421986982771,46,"{""ONE_WAY_HASH"":""165443fe59e17f99467f8a3f2e7922bd37b2108b""}","{""ONE_WAY_HASH"":""f323a3773b137f7ccd6626bc3ccba2dca6df667b""}",,"{""ONE_WAY_HASH"":""da4b9237bacccdf19c0760cab7aec4a8359010b0""}",2
7e903809-11e0-425a-a1e6-fe51d109a4c7-17,0e046461-bc76-44da-bd09-84192a327d7e,1424196638,2518,1421984164305,0,"{""ONE_WAY_HASH"":""5111b3be291ed2d65ca113c936c893384ef30cd0""}","{""ONE_WAY_HASH"":""2b1b64463d0d95e7074cd95613c172826ccac925""}",,"{""ONE_WAY_HASH"":""da4b9237bacccdf19c0760cab7aec4a8359010b0""}",2
7e903809-11e0-425a-a1e6-fe51d109a4c7-17,0e046461-bc76-44da-bd09-84192a327d7e,1424196638,2517,1421984108061,0,"{""ONE_WAY_HASH"":""5111b3be291ed2d65ca113c936c893384ef30cd0""}","{""ONE_WAY_HASH"":""2b1b64463d0d95e7074cd95613c172826ccac925""}",,"{""ONE_WAY_HASH"":""da4b9237bacccdf19c0760cab7aec4a8359010b0""}",3
7e903809-11e0-425a-a1e6-fe51d109a4c7-17,0e046461-bc76-44da-bd09-84192a327d7e,1424196638,2516,1421978365862,49,"{""ONE_WAY_HASH"":""5111b3be291ed2d65ca113c936c893384ef30cd0""}","{""ONE_WAY_HASH"":""5dfa725e8fb7233ca1019b819cdb48abac98e6d2""}",,"{""ONE_WAY_HASH"":""da4b9237bacccdf19c0760cab7aec4a8359010b0""}",2
7e903809-11e0-425a-a1e6-fe51d109a4c7-17,0e046461-bc76-44da-bd09-84192a327d7e,1424196638,2515,1421967975132,2,"{""ONE_WAY_HASH"":""108290c8ff4695c925874c07f1a3541caa7b3a9f""}","{""ONE_WAY_HASH"":""3f233e67d2093bbfbf86ddfa8ef9356fba4ab808""}",,"{""ONE_WAY_HASH"":""902ba3cda1883801594b6e1b452790cc53948fda""}",2
7e903809-11e0-425a-a1e6-fe51d109a4c7-17,0e046461-bc76-44da-bd09-84192a327d7e,1424196638,2514,1421967787174,22,"{""ONE_WAY_HASH"":""e40f564f16393fbe3be11840b824fc4e26f3ac33""}","{""ONE_WAY_HASH"":""c1398fc33da541e3d21edea106bbd848f554a31c""}",,"{""ONE_WAY_HASH"":""da4b9237bacccdf19c0760cab7aec4a8359010b0""}",2
7e903809-11e0-425a-a1e6-fe51d109a4c7-17,0e046461-bc76-44da-bd09-84192a327d7e,1424196638,2513,1421967736537,2,"{""ONE_WAY_HASH"":""d88ba7b26701f3cf25612381e6cc9c60967b8356""}","{""ONE_WAY_HASH"":""109fc8e691b435f9fe8c72117351a86b74be3f95""}",,"{""ONE_WAY_HASH"":""da4b9237bacccdf19c0760cab7aec4a8359010b0""}",2
7e903809-11e0-425a-a1e6-fe51d109a4c7-17,0e046461-bc76-44da-bd09-84192a327d7e,1424196638,2512,1421959252424,16,"{""ONE_WAY_HASH"":""13673b4ce1936135e8278d6409cdc4270c5007a7""}","{""ONE_WAY_HASH"":""9b114ead6e5918acd11970d01c2e79c74e0b6741""}",,"{""ONE_WAY_HASH"":""da4b9237bacccdf19c0760cab7aec4a8359010b0""}",2
7e903809-11e0-425a-a1e6-fe51d109a4c7-17,0e046461-bc76-44da-bd09-84192a327d7e,1424196638,2511,1421953699968,0,"{""ONE_WAY_HASH"":""f4ff934b7cf0c018c61e656e1c6df80d2e375764""}","{""ONE_WAY_HASH"":""a295e7c2bf5a35d73df2c35135b9843fe6bde513""}",,"{""ONE_WAY_HASH"":""da4b9237bacccdf19c0760cab7aec4a8359010b0""}",2
7e903809-11e0-425a-a1e6-fe51d109a4c7-17,0e046461-bc76-44da-bd09-84192a327d7e,1424196638,2510,1421949368811,0,"{""ONE_WAY_HASH"":""d1a04dc9526894b225d26cbf9be2a1888dba835a""}","{""ONE_WAY_HASH"":""abe63436413300f9d3834fb8210a0b127121ce4""}",,"{""ONE_WAY_HASH"":""da4b9237bacccdf19c0760cab7aec4a8359010b0""}",2
7e903809-11e0-425a-a1e6-fe51d109a4c7-17,0e046461-bc76-44da-bd09-84192a327d7e,1424196638,2509,1421948270657,0,"{""ONE_WAY_HASH"":""d1a04dc9526894b225d26cbf9be2a1888dba835a""}","{""ONE_WAY_HASH"":""abe63436413300f9d3834fb8210a0b127121ce4""}",,"{""ONE_WAY_HASH"":""da4b9237bacccdf19c0760cab7aec4a8359010b0""}",3
7e903809-11e0-425a-a1e6-fe51d109a4c7-17,0e046461-bc76-44da-bd09-84192a327d7e,1424196638,2508,1421887622636,0,"{""ONE_WAY_HASH"":""13673b4ce1936135e8278d6409cdc4270c5007a7""}","{""ONE_WAY_HASH"":""9b114ead6e5918acd11970d01c2e79c74e0b6741""}",,"{""ONE_WAY_HASH"":""da4b9237bacccdf19c0760cab7aec4a8359010b0""}",2
7e903809-11e0-425a-a1e6-fe51d109a4c7-17,0e046461-bc76-44da-bd09-84192a327d7e,1424196638,2507,1421872186961,26,,"{""ONE_WAY_HASH"":""90d2a7377ce2639f6ad21c6b711e5e27c8441aec""}",,"{""ONE_WAY_HASH"":""b6589fc6ab0dc82cf12099d1c2d40ab994e8410c""}",2
7e903809-11e0-425a-a1e6-fe51d109a4c7-17,0e046461-bc76-44da-bd09-84192a327d7e,1424196638,2506,1421870402325,12,,"{""ONE_WAY_HASH"":""90d2a7377ce2639f6ad21c6b711e5e27c8441aec""}",,"{""ONE_WAY_HASH"":""b6589fc6ab0dc82cf12099d1c2d40ab994e8410c""}",1
7e903809-11e0-425a-a1e6-fe51d109a4c7-17,0e046461-bc76-44da-bd09-84192a327d7e,1424196638,2505,1421813108034,10,"{""ONE_WAY_HASH"":""d16254a07328d7a6ad0e16ff49a04e34f6fb0dda""}","{""ONE_WAY_HASH"":""1c6412bd018a3866e3fd2dd60678f2d85bf15d14""}",,"{""ONE_WAY_HASH"":""da4b9237bacccdf19c0760cab7aec4a8359010b0""}",1
7e903809-11e0-425a-a1e6-fe51d109a4c7-17,0e046461-bc76-44da-bd09-84192a327d7e,1424196638,2504,1421800638763,0,"{""ONE_WAY_HASH"":""d1a04dc9526894b225d26cbf9be2a1888dba835a""}","{""ONE_WAY_HASH"":""abe63436413300f9d3834fb8210a0b127121ce4""}",,"{""ONE_WAY_HASH"":""da4b9237bacccdf19c0760cab7aec4a8359010b0""}",2
7e903809-11e0-425a-a1e6-fe51d109a4c7-17,0e046461-bc76-44da-bd09-84192a327d7e,1424196638,2503,1421800570227,27,"{""ONE_WAY_HASH"":""4321a606233b83b131948c366c11309888ed89c2""}","{""ONE_WAY_HASH"":""a26f8f93a7699db15d9feac22afe372ae5872e92""}",,"{""ONE_WAY_HASH"":""da4b9237bacccdf19c0760cab7aec4a8359010b0""}",2
7e903809-11e0-425a-a1e6-fe51d109a4c7-17,0e046461-bc76-44da-bd09-84192a327d7e,1424196638,2502,1421797885627,28,"{""ONE_WAY_HASH"":""ffdf40efcf33d3bc15fd79ccb69af3ab821e4e4b""}","{""ONE_WAY_HASH"":""31b90f35c3ae3cc1f75c7d07acd175ef5aa0ad1f""}",,"{""ONE_WAY_HASH"":""da4b9237bacccdf19c0760cab7aec4a8359010b0""}",2
7e903809-11e0-425a-a1e6-fe51d109a4c7-17,0e046461-bc76-44da-bd09-84192a327d7e,1424196638,2501,1421797430229,9,"{""ONE_WAY_HASH"":""ffdf40efcf33d3bc15fd79ccb69af3ab821e4e4b""}","{""ONE_WAY_HASH"":""31b90f35c3ae3cc1f75c7d07acd175ef5aa0ad1f""}",,"{""ONE_WAY_HASH"":""da4b9237bacccdf19c0760cab7aec4a8359010b0""}",2
7e903809-11e0-425a-a1e6-fe51d109a4c7-17,0e046461-bc76-44da-bd09-84192a327d7e,1424196638,2500,1421797390491,0,"{""ONE_WAY_HASH"":""e40f564f16393fbe3be11840b824fc4e26f3ac33""}","{""ONE_WAY_HASH"":""c1398fc33da541e3d21edea106bbd848f554a31c""}",,"{""ONE_WAY_HASH"":""da4b9237bacccdf19c0760cab7aec4a8359010b0""}",2
7e903809-11e0-425a-a1e6-fe51d109a4c7-17,0e046461-bc76-44da-bd09-84192a327d7e,1424196638,2499,1421797297222,2,"{""ONE_WAY_HASH"":""d88ba7b26701f3cf25612381e6cc9c60967b8356""}","{""ONE_WAY_HASH"":""109fc8e691b435f9fe8c72117351a86b74be3f95""}",,"{""ONE_WAY_HASH"":""da4b9237bacccdf19c0760cab7aec4a8359010b0""}",2
7e903809-11e0-425a-a1e6-fe51d109a4c7-17,0e046461-bc76-44da-bd09-84192a327d7e,1424196638,2498,1421797255434,1,"{""ONE_WAY_HASH"":""e40f564f16393fbe3be11840b824fc4e26f3ac33""}","{""ONE_WAY_HASH"":""c1398fc33da541e3d21edea106bbd848f554a31c""}",,"{""ONE_WAY_HASH"":""da4b9237bacccdf19c0760cab7aec4a8359010b0""}",2
7e903809-11e0-425a-a1e6-fe51d109a4c7-17,0e046461-bc76-44da-bd09-84192a327d7e,1424196638,2497,1421789539867,15,"{""ONE_WAY_HASH"":""e40f564f16393fbe3be11840b824fc4e26f3ac33""}","{""ONE_WAY_HASH"":""c1398fc33da541e3d21edea106bbd848f554a31c""}",,"{""ONE_WAY_HASH"":""da4b9237bacccdf19c0760cab7aec4a8359010b0""}",2
7e903809-11e0-425a-a1e6-fe51d109a4c7-17,0e046461-bc76-44da-bd09-84192a327d7e,1424196638,2496,1421789512359,0,"{""ONE_WAY_HASH"":""e40f564f16393fbe3be11840b824fc4e26f3ac33""}","{""ONE_WAY_HASH"":""c1398fc33da541e3d21edea106bbd848f554a31c""}",,"{""ONE_WAY_HASH"":""da4b9237bacccdf19c0760cab7aec4a8359010b0""}",3
7e903809-11e0-425a-a1e6-fe51d109a4c7-17,0e046461-bc76-44da-bd09-84192a327d7e,1424196638,2495,1421782058183,268,"{""ONE_WAY_HASH"":""967082f2aa15d0a0c0acc03ed8e64555840f63f""}","{""ONE_WAY_HASH"":""4ffff2b60735ba2755645ecd81210dbc81b545a3""}",,"{""ONE_WAY_HASH"":""902ba3cda1883801594b6e1b452790cc53948fda""}",2
7e903809-11e0-425a-a1e6-fe51d109a4c7-17,0e046461-bc76-44da-bd09-84192a327d7e,1424196638,2494,1421734922411,3,"{""ONE_WAY_HASH"":""2b8c8c9471699bb8b4eca2ec98495e0de99367da""}","{""ONE_WAY_HASH"":""aa750406a02757f6dd1bc00ec2b979bbc55bcd4d""}",,"{""ONE_WAY_HASH"":""da4b9237bacccdf19c0760cab7aec4a8359010b0""}",2
7e903809-11e0-425a-a1e6-fe51d109a4c7-17,0e046461-bc76-44da-bd09-84192a327d7e,1424196638,2493,1421722632274,21,"{""ONE_WAY_HASH"":""a24690f5d0ce25dbee705981da5c1f6c55ee2d58""}","{""ONE_WAY_HASH"":""1fac20cbff340d12de6577145842b053b1cd64e9""}",,"{""ONE_WAY_HASH"":""da4b9237bacccdf19c0760cab7aec4a8359010b0""}",2
7e903809-11e0-425a-a1e6-fe51d109a4c7-17,0e046461-bc76-44da-bd09-84192a327d7e,1424196638,2492,1421712150150,0,"{""ONE_WAY_HASH"":""665b0f1727f949633a5f86874af51cd5d37a49d7""}","{""ONE_WAY_HASH"":""9754f9efef713f6acddae0b7d40eea55529c6746""}",,"{""ONE_WAY_HASH"":""902ba3cda1883801594b6e1b452790cc53948fda""}",2
7e903809-11e0-425a-a1e6-fe51d109a4c7-17,0e046461-bc76-44da-bd09-84192a327d7e,1424196638,2491,1421698436741,42,"{""ONE_WAY_HASH"":""ffdf40efcf33d3bc15fd79ccb69af3ab821e4e4b""}","{""ONE_WAY_HASH"":""31b90f35c3ae3cc1f75c7d07acd175ef5aa0ad1f""}",,"{""ONE_WAY_HASH"":""da4b9237bacccdf19c0760cab7aec4a8359010b0""}",2
7e903809-11e0-425a-a1e6-fe51d109a4c7-17,0e046461-bc76-44da-bd09-84192a327d7e,1424196638,2490,1421698388134,2,"{""ONE_WAY_HASH"":""d88ba7b26701f3cf25612381e6cc9c60967b8356""}","{""ONE_WAY_HASH"":""109fc8e691b435f9fe8c72117351a86b74be3f95""}",,"{""ONE_WAY_HASH"":""da4b9237bacccdf19c0760cab7aec4a8359010b0""}",2
7e903809-11e0-425a-a1e6-fe51d109a4c7-17,0e046461-bc76-44da-bd09-84192a327d7e,1424196638,2489,1421684463860,74,"{""ONE_WAY_HASH"":""967082f2aa15d0a0c0acc03ed8e64555840f63f""}","{""ONE_WAY_HASH"":""d63c2d6d1abe09a135513a708db70e6b6b0cfe44""}",,"{""ONE_WAY_HASH"":""902ba3cda1883801594b6e1b452790cc53948fda""}",1
7e903809-11e0-425a-a1e6-fe51d109a4c7-17,0e046461-bc76-44da-bd09-84192a327d7e,1424196638,2488,1421638206169,4,"{""ONE_WAY_HASH"":""2a590befd72b5334de838dfc2ab81a695018dfd2""}","{""ONE_WAY_HASH"":""572ee3ed0e7c54f9f603f61190bc791804066242""}",,"{""ONE_WAY_HASH"":""902ba3cda1883801594b6e1b452790cc53948fda""}",1
7e903809-11e0-425a-a1e6-fe51d109a4c7-17,0e046461-bc76-44da-bd09-84192a327d7e,1424196638,2487,1421637678660,53,"{""ONE_WAY_HASH"":""2a590befd72b5334de838dfc2ab81a695018dfd2""}","{""ONE_WAY_HASH"":""572ee3ed0e7c54f9f603f61190bc791804066242""}",,"{""ONE_WAY_HASH"":""902ba3cda1883801594b6e1b452790cc53948fda""}",1
7e903809-11e0-425a-a1e6-fe51d109a4c7-17,0e046461-bc76-44da-bd09-84192a327d7e,1424196638,2486,1421616898311,52,"{""ONE_WAY_HASH"":""d88ba7b26701f3cf25612381e6cc9c60967b8356""}","{""ONE_WAY_HASH"":""5ec245d776365602534e513bd7adb55af72af2fd""}",,"{""ONE_WAY_HASH"":""da4b9237bacccdf19c0760cab7aec4a8359010b0""}",1
7e903809-11e0-425a-a1e6-fe51d109a4c7-17,0e046461-bc76-44da-bd09-84192a327d7e,1424196638,2485,1421614611232,2273,"{""ONE_WAY_HASH"":""39342583b8b722d951824fa86580e404f1a3f457""}","{""ONE_WAY_HASH"":""e36ce705a378472515c93d4029da90ff3691044""}",,"{""ONE_WAY_HASH"":""902ba3cda1883801594b6e1b452790cc53948fda""}",2
7e903809-11e0-425a-a1e6-fe51d109a4c7-17,0e046461-bc76-44da-bd09-84192a327d7e,1424196638,2484,1421614566526,17,"{""ONE_WAY_HASH"":""74544aac9c9c2a2491c77bd9b43a689cd8e16d1b""}","{""ONE_WAY_HASH"":""128fc6467eeacd5027b17d57709a609ee90e425d""}",,"{""ONE_WAY_HASH"":""902ba3cda1883801594b6e1b452790cc53948fda""}",2
7e903809-11e0-425a-a1e6-fe51d109a4c7-17,0e046461-bc76-44da-bd09-84192a327d7e,1424196638,2483,1421597937284,0,"{""ONE_WAY_HASH"":""39342583b8b722d951824fa86580e404f1a3f457""}","{""ONE_WAY_HASH"":""e36ce705a378472515c93d4029da90ff3691044""}",,"{""ONE_WAY_HASH"":""902ba3cda1883801594b6e1b452790cc53948fda""}",2
7e903809-11e0-425a-a1e6-fe51d109a4c7-17,0e046461-bc76-44da-bd09-84192a327d7e,1424196638,2482,1421593431506,14,"{""ONE_WAY_HASH"":""6ee0d2090251784450b663696644517f71931d8b""}","{""ONE_WAY_HASH"":""2083b6b3a16c701ca2b054902e645a9b02f53865""}",,"{""ONE_WAY_HASH"":""356a192b7913b04c54574d18c28d46e6395428ab""}",1
7e903809-11e0-425a-a1e6-fe51d109a4c7-17,0e046461-bc76-44da-bd09-84192a327d7e,1424196638,2481,1421553181517,36,"{""ONE_WAY_HASH"":""967082f2aa15d0a0c0acc03ed8e64555840f63f""}","{""ONE_WAY_HASH"":""d63c2d6d1abe09a135513a708db70e6b6b0cfe44""}",,"{""ONE_WAY_HASH"":""902ba3cda1883801594b6e1b452790cc53948fda""}",2
7e903809-11e0-425a-a1e6-fe51d109a4c7-17,0e046461-bc76-44da-bd09-84192a327d7e,1424196638,2480,1421553152235,0,"{""ONE_WAY_HASH"":""967082f2aa15d0a0c0acc03ed8e64555840f63f""}","{""ONE_WAY_HASH"":""d63c2d6d1abe09a135513a708db70e6b6b0cfe44""}",,"{""ONE_WAY_HASH"":""902ba3cda1883801594b6e1b452790cc53948fda""}",3
7e903809-11e0-425a-a1e6-fe51d109a4c7-17,0e046461-bc76-44da-bd09-84192a327d7e,1424196638,2479,1421544281333,100,"{""ONE_WAY_HASH"":""967082f2aa15d0a0c0acc03ed8e64555840f63f""}","{""ONE_WAY_HASH"":""d63c2d6d1abe09a135513a708db70e6b6b0cfe44""}",,"{""ONE_WAY_HASH"":""902ba3cda1883801594b6e1b452790cc53948fda""}",1
7e903809-11e0-425a-a1e6-fe51d109a4c7-17,0e046461-bc76-44da-bd09-84192a327d7e,1424196638,2478,1421541659080,26,"{""ONE_WAY_HASH"":""108290c8ff4695c925874c07f1a3541caa7b3a9f""}","{""ONE_WAY_HASH"":""f1fce9bafd747deaf6c22edababd4baa5cce15ff""}",,"{""ONE_WAY_HASH"":""902ba3cda1883801594b6e1b452790cc53948fda""}",2
7e903809-11e0-425a-a1e6-fe51d109a4c7-17,0e046461-bc76-44da-bd09-84192a327d7e,1424196638,2477,1421539552154,90,"{""ONE_WAY_HASH"":""108290c8ff4695c925874c07f1a3541caa7b3a9f""}","{""ONE_WAY_HASH"":""3f233e67d2093bbfbf86ddfa8ef9356fba4ab808""}",,"{""ONE_WAY_HASH"":""902ba3cda1883801594b6e1b452790cc53948fda""}",2
7e903809-11e0-425a-a1e6-fe51d109a4c7-17,0e046461-bc76-44da-bd09-84192a327d7e,1424196638,2476,1421516328827,391,"{""ONE_WAY_HASH"":""108290c8ff4695c925874c07f1a3541caa7b3a9f""}","{""ONE_WAY_HASH"":""51dfdf84c92e088c257ca8ed852d0e56bdf78176""}",,"{""ONE_WAY_HASH"":""902ba3cda1883801594b6e1b452790cc53948fda""}",1
7e903809-11e0-425a-a1e6-fe51d109a4c7-17,0e046461-bc76-44da-bd09-84192a327d7e,1424196638,2475,1421514261707,0,"{""ONE_WAY_HASH"":""bb337add83b220643ef0cf2c169b00060f0d036f""}","{""ONE_WAY_HASH"":""6b5a2a01b25b8ddaab0b7a2692745b38d3144841""}",,"{""ONE_WAY_HASH"":""da4b9237bacccdf19c0760cab7aec4a8359010b0""}",2
7e903809-11e0-425a-a1e6-fe51d109a4c7-17,0e046461-bc76-44da-bd09-84192a327d7e,1424196638,2474,1421514004651,47,"{""ONE_WAY_HASH"":""d88ba7b26701f3cf25612381e6cc9c60967b8356""}","{""ONE_WAY_HASH"":""5ec245d776365602534e513bd7adb55af72af2fd""}",,"{""ONE_WAY_HASH"":""da4b9237bacccdf19c0760cab7aec4a8359010b0""}",2
7e903809-11e0-425a-a1e6-fe51d109a4c7-17,0e046461-bc76-44da-bd09-84192a327d7e,1424196638,2473,1421512890474,133,"{""ONE_WAY_HASH"":""967082f2aa15d0a0c0acc03ed8e64555840f63f""}","{""ONE_WAY_HASH"":""71762321b67873c7666af97a917b6f39b541507a""}",,"{""ONE_WAY_HASH"":""902ba3cda1883801594b6e1b452790cc53948fda""}",2
7e903809-11e0-425a-a1e6-fe51d109a4c7-17,0e046461-bc76-44da-bd09-84192a327d7e,1424196638,2472,1421512534054,338,"{""ONE_WAY_HASH"":""f6b12f80de7b2930174635d8e846ba3a1c693b24""}","{""ONE_WAY_HASH"":""4c572f8a4b0af6824249b5fe27267f72a84439c""}",,"{""ONE_WAY_HASH"":""902ba3cda1883801594b6e1b452790cc53948fda""}",2
7e903809-11e0-425a-a1e6-fe51d109a4c7-17,0e046461-bc76-44da-bd09-84192a327d7e,1424196638,2471,1421512138926,365,"{""ONE_WAY_HASH"":""d88ba7b26701f3cf25612381e6cc9c60967b8356""}","{""ONE_WAY_HASH"":""5ec245d776365602534e513bd7adb55af72af2fd""}",,"{""ONE_WAY_HASH"":""da4b9237bacccdf19c0760cab7aec4a8359010b0""}",1
7e903809-11e0-425a-a1e6-fe51d109a4c7-17,0e046461-bc76-44da-bd09-84192a327d7e,1424196638,2470,1421512122212,24,"{""ONE_WAY_HASH"":""ffdf40efcf33d3bc15fd79ccb69af3ab821e4e4b""}","{""ONE_WAY_HASH"":""31b90f35c3ae3cc1f75c7d07acd175ef5aa0ad1f""}",,"{""ONE_WAY_HASH"":""da4b9237bacccdf19c0760cab7aec4a8359010b0""}",2
7e903809-11e0-425a-a1e6-fe51d109a4c7-17,0e046461-bc76-44da-bd09-84192a327d7e,1424196638,2469,1421512068769,5,"{""ONE_WAY_HASH"":""e40f564f16393fbe3be11840b824fc4e26f3ac33""}","{""ONE_WAY_HASH"":""c1398fc33da541e3d21edea106bbd848f554a31c""}",,"{""ONE_WAY_HASH"":""da4b9237bacccdf19c0760cab7aec4a8359010b0""}",2
7e903809-11e0-425a-a1e6-fe51d109a4c7-17,0e046461-bc76-44da-bd09-84192a327d7e,1424196638,2468,1421511819148,3,"{""ONE_WAY_HASH"":""d88ba7b26701f3cf25612381e6cc9c60967b8356""}","{""ONE_WAY_HASH"":""109fc8e691b435f9fe8c72117351a86b74be3f95""}",,"{""ONE_WAY_HASH"":""da4b9237bacccdf19c0760cab7aec4a8359010b0""}",2
7e903809-11e0-425a-a1e6-fe51d109a4c7-17,0e046461-bc76-44da-bd09-84192a327d7e,1424196638,2467,1421508682949,1063,"{""ONE_WAY_HASH"":""3a37e7bfa10bcf63ac60f2f6679b69104b1eaea8""}","{""ONE_WAY_HASH"":""4feb7f989cd0047176894bab3cef44730a948fc5""}",,"{""ONE_WAY_HASH"":""da4b9237bacccdf19c0760cab7aec4a8359010b0""}",1
7e903809-11e0-425a-a1e6-fe51d109a4c7-17,0e046461-bc76-44da-bd09-84192a327d7e,1424196638,2466,1421508508234,5,"{""ONE_WAY_HASH"":""3a37e7bfa10bcf63ac60f2f6679b69104b1eaea8""}","{""ONE_WAY_HASH"":""bb4649c8f6c7496c6a599b7d31ff52a3e866036""}",,"{""ONE_WAY_HASH"":""da4b9237bacccdf19c0760cab7aec4a8359010b0""}",2
7e903809-11e0-425a-a1e6-fe51d109a4c7-17,0e046461-bc76-44da-bd09-84192a327d7e,1424196638,2465,1421502369187,71,"{""ONE_WAY_HASH"":""d88ba7b26701f3cf25612381e6cc9c60967b8356""}","{""ONE_WAY_HASH"":""109fc8e691b435f9fe8c72117351a86b74be3f95""}",,"{""ONE_WAY_HASH"":""da4b9237bacccdf19c0760cab7aec4a8359010b0""}",2
7e903809-11e0-425a-a1e6-fe51d109a4c7-17,0e046461-bc76-44da-bd09-84192a327d7e,1424196638,2464,1421457998992,69,"{""ONE_WAY_HASH"":""967082f2aa15d0a0c0acc03ed8e64555840f63f""}","{""ONE_WAY_HASH"":""d63c2d6d1abe09a135513a708db70e6b6b0cfe44""}",,"{""ONE_WAY_HASH"":""902ba3cda1883801594b6e1b452790cc53948fda""}",1
7e903809-11e0-425a-a1e6-fe51d109a4c7-17,0e046461-bc76-44da-bd09-84192a327d7e,1424196638,2463,1421454413294,46,"{""ONE_WAY_HASH"":""6ee0d2090251784450b663696644517f71931d8b""}","{""ONE_WAY_HASH"":""2083b6b3a16c701ca2b054902e645a9b02f53865""}",,"{""ONE_WAY_HASH"":""356a192b7913b04c54574d18c28d46e6395428ab""}",1
7e903809-11e0-425a-a1e6-fe51d109a4c7-17,0e046461-bc76-44da-bd09-84192a327d7e,1424196638,2462,1421454348921,47,"{""ONE_WAY_HASH"":""6ee0d2090251784450b663696644517f71931d8b""}","{""ONE_WAY_HASH"":""2083b6b3a16c701ca2b054902e645a9b02f53865""}",,"{""ONE_WAY_HASH"":""356a192b7913b04c54574d18c28d46e6395428ab""}",1
7e903809-11e0-425a-a1e6-fe51d109a4c7-17,0e046461-bc76-44da-bd09-84192a327d7e,1424196638,2461,1421454216194,12,"{""ONE_WAY_HASH"":""6ee0d2090251784450b663696644517f71931d8b""}","{""ONE_WAY_HASH"":""ae73759fbebdc6bad2b6b1d331a5a3a831f3331d""}",,"{""ONE_WAY_HASH"":""356a192b7913b04c54574d18c28d46e6395428ab""}",2
7e903809-11e0-425a-a1e6-fe51d109a4c7-17,0e046461-bc76-44da-bd09-84192a327d7e,1424196638,2460,1421454104567,4,"{""ONE_WAY_HASH"":""6ee0d2090251784450b663696644517f71931d8b""}","{""ONE_WAY_HASH"":""2083b6b3a16c701ca2b054902e645a9b02f53865""}",,"{""ONE_WAY_HASH"":""356a192b7913b04c54574d18c28d46e6395428ab""}",2
7e903809-11e0-425a-a1e6-fe51d109a4c7-17,0e046461-bc76-44da-bd09-84192a327d7e,1424196638,2459,1421453141269,83,"{""ONE_WAY_HASH"":""6ee0d2090251784450b663696644517f71931d8b""}","{""ONE_WAY_HASH"":""2083b6b3a16c701ca2b054902e645a9b02f53865""}",,"{""ONE_WAY_HASH"":""356a192b7913b04c54574d18c28d46e6395428ab""}",2
7e903809-11e0-425a-a1e6-fe51d109a4c7-17,0e046461-bc76-44da-bd09-84192a327d7e,1424196638,2458,1421453032047,0,"{""ONE_WAY_HASH"":""6ee0d2090251784450b663696644517f71931d8b""}","{""ONE_WAY_HASH"":""2083b6b3a16c701ca2b054902e645a9b02f53865""}",,"{""ONE_WAY_HASH"":""356a192b7913b04c54574d18c28d46e6395428ab""}",3
7e903809-11e0-425a-a1e6-fe51d109a4c7-17,0e046461-bc76-44da-bd09-84192a327d7e,1424196638,2457,1421452652027,30,"{""ONE_WAY_HASH"":""6ee0d2090251784450b663696644517f71931d8b""}","{""ONE_WAY_HASH"":""ae73759fbebdc6bad2b6b1d331a5a3a831f3331d""}",,"{""ONE_WAY_HASH"":""356a192b7913b04c54574d18c28d46e6395428ab""}",2
7e903809-11e0-425a-a1e6-fe51d109a4c7-17,0e046461-bc76-44da-bd09-84192a327d7e,1424196638,2456,1421449449944,67,"{""ONE_WAY_HASH"":""967082f2aa15d0a0c0acc03ed8e64555840f63f""}","{""ONE_WAY_HASH"":""4ffff2b60735ba2755645ecd81210dbc81b545a3""}",,"{""ONE_WAY_HASH"":""902ba3cda1883801594b6e1b452790cc53948fda""}",2
7e903809-11e0-425a-a1e6-fe51d109a4c7-17,0e046461-bc76-44da-bd09-84192a327d7e,1424196638,2455,1421445864785,73,"{""ONE_WAY_HASH"":""967082f2aa15d0a0c0acc03ed8e64555840f63f""}","{""ONE_WAY_HASH"":""71762321b67873c7666af97a917b6f39b541507a""}",,"{""ONE_WAY_HASH"":""902ba3cda1883801594b6e1b452790cc53948fda""}",2
7e903809-11e0-425a-a1e6-fe51d109a4c7-17,0e046461-bc76-44da-bd09-84192a327d7e,1424196638,2454,1421421470170,18,"{""ONE_WAY_HASH"":""108290c8ff4695c925874c07f1a3541caa7b3a9f""}","{""ONE_WAY_HASH"":""51dfdf84c92e088c257ca8ed852d0e56bdf78176""}",,"{""ONE_WAY_HASH"":""902ba3cda1883801594b6e1b452790cc53948fda""}",1
7e903809-11e0-425a-a1e6-fe51d109a4c7-17,0e046461-bc76-44da-bd09-84192a327d7e,1424196638,2453,1421388053763,27,"{""ONE_WAY_HASH"":""88d01c99781cc1b76fd6c6250e3ec45da9fb145d""}","{""ONE_WAY_HASH"":""16c4b40d1d16b40eba5ba879beea92952b7a9cbc""}",,"{""ONE_WAY_HASH"":""902ba3cda1883801594b6e1b452790cc53948fda""}",2
7e903809-11e0-425a-a1e6-fe51d109a4c7-17,0e046461-bc76-44da-bd09-84192a327d7e,1424196638,2452,1421378072177,71,"{""ONE_WAY_HASH"":""7e1cb5a4900ec16565cbed1ef5b1a766d72f70a4""}","{""ONE_WAY_HASH"":""fc4e5cbc9193e255573499d7b1e29e5809a7dbd1""}",,"{""ONE_WAY_HASH"":""da4b9237bacccdf19c0760cab7aec4a8359010b0""}",1
7e903809-11e0-425a-a1e6-fe51d109a4c7-17,0e046461-bc76-44da-bd09-84192a327d7e,1424196638,2451,1421368008278,27,"{""ONE_WAY_HASH"":""108290c8ff4695c925874c07f1a3541caa7b3a9f""}","{""ONE_WAY_HASH"":""51dfdf84c92e088c257ca8ed852d0e56bdf78176""}",,"{""ONE_WAY_HASH"":""902ba3cda1883801594b6e1b452790cc53948fda""}",2
7e903809-11e0-425a-a1e6-fe51d109a4c7-17,0e046461-bc76-44da-bd09-84192a327d7e,1424196638,2450,1421368001426,0,"{""ONE_WAY_HASH"":""108290c8ff4695c925874c07f1a3541caa7b3a9f""}","{""ONE_WAY_HASH"":""51dfdf84c92e088c257ca8ed852d0e56bdf78176""}",,"{""ONE_WAY_HASH"":""902ba3cda1883801594b6e1b452790cc53948fda""}",2
7e903809-11e0-425a-a1e6-fe51d109a4c7-17,0e046461-bc76-44da-bd09-84192a327d7e,1424196638,2449,1421367974653,0,"{""ONE_WAY_HASH"":""108290c8ff4695c925874c07f1a3541caa7b3a9f""}","{""ONE_WAY_HASH"":""51dfdf84c92e088c257ca8ed852d0e56bdf78176""}",,"{""ONE_WAY_HASH"":""902ba3cda1883801594b6e1b452790cc53948fda""}",3
7e903809-11e0-425a-a1e6-fe51d109a4c7-17,0e046461-bc76-44da-bd09-84192a327d7e,1424196638,2448,1421366502380,34,"{""ONE_WAY_HASH"":""967082f2aa15d0a0c0acc03ed8e64555840f63f""}","{""ONE_WAY_HASH"":""71762321b67873c7666af97a917b6f39b541507a""}",,"{""ONE_WAY_HASH"":""902ba3cda1883801594b6e1b452790cc53948fda""}",2
7e903809-11e0-425a-a1e6-fe51d109a4c7-17,0e046461-bc76-44da-bd09-84192a327d7e,1424196638,2447,1421366277925,19,"{""ONE_WAY_HASH"":""967082f2aa15d0a0c0acc03ed8e64555840f63f""}","{""ONE_WAY_HASH"":""71762321b67873c7666af97a917b6f39b541507a""}",,"{""ONE_WAY_HASH"":""902ba3cda1883801594b6e1b452790cc53948fda""}",2
7e903809-11e0-425a-a1e6-fe51d109a4c7-17,0e046461-bc76-44da-bd09-84192a327d7e,1424196638,2446,1421366050516,27,"{""ONE_WAY_HASH"":""967082f2aa15d0a0c0acc03ed8e64555840f63f""}","{""ONE_WAY_HASH"":""71762321b67873c7666af97a917b6f39b541507a""}",,"{""ONE_WAY_HASH"":""902ba3cda1883801594b6e1b452790cc53948fda""}",2
7e903809-11e0-425a-a1e6-fe51d109a4c7-17,0e046461-bc76-44da-bd09-84192a327d7e,1424196638,2445,1421366034344,0,"{""ONE_WAY_HASH"":""967082f2aa15d0a0c0acc03ed8e64555840f63f""}","{""ONE_WAY_HASH"":""71762321b67873c7666af97a917b6f39b541507a""}",,"{""ONE_WAY_HASH"":""902ba3cda1883801594b6e1b452790cc53948fda""}",2
178ed2b5-9dd7-48ab-8311-7a1e209d60d5-117,0e046461-bc76-44da-bd09-84192a327d7e,1424632221,,,,,,,,
d9f0bc02-662e-419f-9cee-1b7bbe300ee1-34,0e046461-bc76-44da-bd09-84192a327d7e,1424202381,,,,,,,,
023bd270-08ac-462c-8779-ff5e94ba9374-24,0e046461-bc76-44da-bd09-84192a327d7e,1424205981,,,,,,,,
136028b8-22fb-4230-95f6-149236f50216-34,0e046461-bc76-44da-bd09-84192a327d7e,1424209597,,,,,,,,
38d67e5f-3ae7-447e-9f4f-28960520cc8c-23,0e046461-bc76-44da-bd09-84192a327d7e,1424213197,,,,,,,,
720fecc1-e403-4503-b6d0-fc4c8a41a2ec-34,0e046461-bc76-44da-bd09-84192a327d7e,1424216800,,,,,,,,
ed796ebf-e6cd-4c42-9c95-0b2f0ad7553e-58,0e046461-bc76-44da-bd09-84192a327d7e,1424220406,,,,,,,,
1493d741-90e7-48a0-a827-c2afdd64cd17-23,0e046461-bc76-44da-bd09-84192a327d7e,1424224007,,,,,,,,
8259c368-1a1c-4a37-ac4e-8b36e8c72db3-45,0e046461-bc76-44da-bd09-84192a327d7e,1424227607,,,,,,,,
69fe833f-76b1-4074-a476-cdab20da213d-36,0e046461-bc76-44da-bd09-84192a327d7e,1424227710,2631,1424227710166,6,"{""ONE_WAY_HASH"":""d16254a07328d7a6ad0e16ff49a04e34f6fb0dda""}","{""ONE_WAY_HASH"":""1c6412bd018a3866e3fd2dd60678f2d85bf15d14""}",,"{""ONE_WAY_HASH"":""da4b9237bacccdf19c0760cab7aec4a8359010b0""}",2
6ce41925-abde-47e3-a040-360f69033efa-49,0e046461-bc76-44da-bd09-84192a327d7e,1424237323,,,,,,,,
57388e4a-5024-41d3-8808-78f564895318-26,0e046461-bc76-44da-bd09-84192a327d7e,1424240925,,,,,,,,
082a9581-b21f-43b1-8d17-2d7c142e820c-23,0e046461-bc76-44da-bd09-84192a327d7e,1424244525,,,,,,,,
b8f94e15-cb27-4837-b8ad-379965dda43b-59,0e046461-bc76-44da-bd09-84192a327d7e,1424248125,,,,,,,,
1806cda9-7510-43f6-99f2-d510f4d85272-24,0e046461-bc76-44da-bd09-84192a327d7e,1424251730,,,,,,,,
91c1210f-f46c-4b44-9497-6762ed0a21c0-23,0e046461-bc76-44da-bd09-84192a327d7e,1424255335,,,,,,,,
bdb88235-afe2-4337-800d-e5bd5fdca30f-24,0e046461-bc76-44da-bd09-84192a327d7e,1424258940,,,,,,,,
995242bd-95f1-4e9f-bc76-2d3e190a8692-48,0e046461-bc76-44da-bd09-84192a327d7e,1424262539,,,,,,,,
c83d43ef-9a48-4144-8e79-93bda3ff6fd2-24,0e046461-bc76-44da-bd09-84192a327d7e,1424266139,,,,,,,,
47f86fce-dab9-4cb6-9287-d537f6dcdb12-48,0e046461-bc76-44da-bd09-84192a327d7e,1424269739,,,,,,,,
b83d602a-192a-45f2-88dc-14ec0462e008-13,0e046461-bc76-44da-bd09-84192a327d7e,1424273364,,,,,,,,
48eb46e2-6d0d-47e6-99c7-af7588fc3a3a-13,0e046461-bc76-44da-bd09-84192a327d7e,1424276967,,,,,,,,
a827b9e0-14f6-4cb5-a475-aeaa29b33a32-13,0e046461-bc76-44da-bd09-84192a327d7e,1424278599,2632,1424278599386,66,"{""ONE_WAY_HASH"":""108290c8ff4695c925874c07f1a3541caa7b3a9f""}","{""ONE_WAY_HASH"":""f1fce9bafd747deaf6c22edababd4baa5cce15ff""}",,"{""ONE_WAY_HASH"":""902ba3cda1883801594b6e1b452790cc53948fda""}",2
e8e5c3be-a0d4-43a2-b086-4c50fda162a4-36,0e046461-bc76-44da-bd09-84192a327d7e,1424284184,,,,,,,,
8767703b-e330-4976-a27f-e1c5b33d1642-12,0e046461-bc76-44da-bd09-84192a327d7e,1424286007,2633,1424286007705,71,"{""ONE_WAY_HASH"":""635a44566ace04dca6b1eef725a8c5ffc48d45c8""}","{""ONE_WAY_HASH"":""24e053575743e7b8136c2e44f47e1f047a0f03cb""}",,"{""ONE_WAY_HASH"":""da4b9237bacccdf19c0760cab7aec4a8359010b0""}",2
b25fd877-cca0-42b7-a3a5-d4ae9697ee5f-13,0e046461-bc76-44da-bd09-84192a327d7e,1424291384,,,,,,,,
63ab1d4b-4dfd-4fb2-9a4f-37e7d5c8d98c-37,0e046461-bc76-44da-bd09-84192a327d7e,1424294984,,,,,,,,
5b12138d-669f-417d-984e-18b155213b48-12,0e046461-bc76-44da-bd09-84192a327d7e,1424298600,,,,,,,,
4e4fb6fd-e518-4fcf-a1c0-fe5aa64d884a-13,0e046461-bc76-44da-bd09-84192a327d7e,1424302201,,,,,,,,
c8dce5b4-3ee5-4beb-b63b-c37a2467122f-36,0e046461-bc76-44da-bd09-84192a327d7e,1424303772,2636,1424303772123,0,"{""ONE_WAY_HASH"":""74544aac9c9c2a2491c77bd9b43a689cd8e16d1b""}","{""ONE_WAY_HASH"":""128fc6467eeacd5027b17d57709a609ee90e425d""}",,"{""ONE_WAY_HASH"":""902ba3cda1883801594b6e1b452790cc53948fda""}",2
c8dce5b4-3ee5-4beb-b63b-c37a2467122f-36,0e046461-bc76-44da-bd09-84192a327d7e,1424303772,2635,1424303709276,25,"{""ONE_WAY_HASH"":""967082f2aa15d0a0c0acc03ed8e64555840f63f""}","{""ONE_WAY_HASH"":""71762321b67873c7666af97a917b6f39b541507a""}",,"{""ONE_WAY_HASH"":""902ba3cda1883801594b6e1b452790cc53948fda""}",2
c8dce5b4-3ee5-4beb-b63b-c37a2467122f-36,0e046461-bc76-44da-bd09-84192a327d7e,1424303772,2634,1424303589637,3,"{""ONE_WAY_HASH"":""6708f84da925b547055eee8db4554285a8a3a620""}","{""ONE_WAY_HASH"":""7fd35f0a553f5b23498c348b5776a0bfddf0364c""}",,"{""ONE_WAY_HASH"":""da4b9237bacccdf19c0760cab7aec4a8359010b0""}",2
e5bd86e3-5c4c-4fda-9af3-fb72e71156d8-13,0e046461-bc76-44da-bd09-84192a327d7e,1424309401,,,,,,,,
b198f9f7-bac6-443d-825a-6fcd7fd4b50d-12,0e046461-bc76-44da-bd09-84192a327d7e,1424313001,,,,,,,,
a7e9840b-6fae-406f-9d19-3eb03f8577da-36,0e046461-bc76-44da-bd09-84192a327d7e,1424316601,,,,,,,,
e9f0bef6-cc0a-4468-b2fb-a0ba38e12b3d-12,0e046461-bc76-44da-bd09-84192a327d7e,1424320201,,,,,,,,
b1bdc57f-c85b-46c3-af55-aceaba0b6e56-38,0e046461-bc76-44da-bd09-84192a327d7e,1424323801,,,,,,,,
40f1adb3-a486-461f-9163-329f2dc05db1-36,0e046461-bc76-44da-bd09-84192a327d7e,1424329017,,,,,,,,
b03e79e9-1b55-4a85-9cc1-6a79a31d2cd1-48,0e046461-bc76-44da-bd09-84192a327d7e,1424332617,,,,,,,,
2b383dc3-98e2-45c4-a9f5-205d0a7ab60b-13,0e046461-bc76-44da-bd09-84192a327d7e,1424336217,,,,,,,,
c6de0374-920b-480c-9396-81dec51766fa-36,0e046461-bc76-44da-bd09-84192a327d7e,1424339838,,,,,,,,
17fcfcf9-c8e7-4245-9d8d-7a13602c2db2-36,0e046461-bc76-44da-bd09-84192a327d7e,1424343541,,,,,,,,
8f0c02b2-4107-4f16-aab2-8683815003bf-13,0e046461-bc76-44da-bd09-84192a327d7e,1424347140,,,,,,,,
c0d84934-80fe-477b-8e70-a83f4cbf7997-13,0e046461-bc76-44da-bd09-84192a327d7e,1424350754,,,,,,,,
a6ff59e2-9a76-4771-9fdd-49376caaf380-12,0e046461-bc76-44da-bd09-84192a327d7e,1424354401,,,,,,,,
f38ae655-833a-44be-b187-cab6a283725d-37,0e046461-bc76-44da-bd09-84192a327d7e,1424358001,,,,,,,,
86111c73-ece6-43c9-801d-7dac764e7f43-12,0e046461-bc76-44da-bd09-84192a327d7e,1424361601,,,,,,,,
ebfd0d44-8366-4a94-b834-b95840b3cf56-47,0e046461-bc76-44da-bd09-84192a327d7e,1424365201,,,,,,,,
f151f477-4d34-4af7-9be1-bbb16247b698-47,0e046461-bc76-44da-bd09-84192a327d7e,1424368801,,,,,,,,
a7726641-c7ad-422a-8c10-82e7bad9c422-37,0e046461-bc76-44da-bd09-84192a327d7e,1424372401,,,,,,,,
b2546932-c307-4012-894e-5cef6b41c9d5-36,0e046461-bc76-44da-bd09-84192a327d7e,1424376001,,,,,,,,
7843bb38-c983-469b-a742-28bea0df76de-14,0e046461-bc76-44da-bd09-84192a327d7e,1424379601,,,,,,,,
26695b59-481b-4262-9864-21abff3f07ce-14,0e046461-bc76-44da-bd09-84192a327d7e,1424383201,,,,,,,,
bfd13f12-6702-4948-ac06-afed9e69f707-181,0e046461-bc76-44da-bd09-84192a327d7e,1424386801,,,,,,,,
45914510-09fd-4575-b0f7-9de7145dcbce-36,0e046461-bc76-44da-bd09-84192a327d7e,1424390401,,,,,,,,
7a672bd1-255c-473f-9d3c-d15215c53054-14,0e046461-bc76-44da-bd09-84192a327d7e,1424391749,2637,1424391749553,3,"{""ONE_WAY_HASH"":""6a6788389451080fbcd772838d52c2d08dad41fb""}","{""ONE_WAY_HASH"":""6073f8125aaae13da031d3eec6ea81b135c5c4b6""}",,"{""ONE_WAY_HASH"":""da4b9237bacccdf19c0760cab7aec4a8359010b0""}",2
521c0365-ea88-43e9-bac6-e880835eacf4-49,0e046461-bc76-44da-bd09-84192a327d7e,1424397601,,,,,,,,
b62180db-c763-46c6-8a4d-81a33b14afae-14,0e046461-bc76-44da-bd09-84192a327d7e,1424401201,,,,,,,,
0ce6b4f0-2452-4344-96d1-66ba5169d96c-15,0e046461-bc76-44da-bd09-84192a327d7e,1424404801,,,,,,,,
62be45eb-d28c-43d4-84a1-a116c5e5089e-49,0e046461-bc76-44da-bd09-84192a327d7e,1424409888,,,,,,,,
526d31c5-fac3-44a4-bb88-ec8a3e13ea8c-36,0e046461-bc76-44da-bd09-84192a327d7e,1424413501,,,,,,,,
a91a24e2-fd1b-4415-9af1-59179ad3058a-26,0e046461-bc76-44da-bd09-84192a327d7e,1424417121,,,,,,,,
ee679f68-9123-4428-8f3b-2714f4117d11-37,0e046461-bc76-44da-bd09-84192a327d7e,1424420728,,,,,,,,
df8cf392-e51f-42b0-b96f-d689a3795920-24,0e046461-bc76-44da-bd09-84192a327d7e,1424424345,,,,,,,,
e1719078-5d84-4b20-b9de-2ee689947d4d-59,0e046461-bc76-44da-bd09-84192a327d7e,1424427949,,,,,,,,
ac9a66ea-f937-40ce-a3c1-647e11a4a033-35,0e046461-bc76-44da-bd09-84192a327d7e,1424431561,,,,,,,,
6e76eebc-691d-49dc-88cd-296768fe7326-24,0e046461-bc76-44da-bd09-84192a327d7e,1424435161,,,,,,,,
eae28dc9-23a1-4534-86c2-f3b5e5862690-48,0e046461-bc76-44da-bd09-84192a327d7e,1424438761,,,,,,,,
881c656e-0f60-4e7e-8b1a-2355e7e66b12-24,0e046461-bc76-44da-bd09-84192a327d7e,1424442361,,,,,,,,
c66ad5df-2f60-4d82-8794-fcfe52d46720-48,0e046461-bc76-44da-bd09-84192a327d7e,1424445961,,,,,,,,
590d0068-1187-49f2-b10c-69c168e0069d-23,0e046461-bc76-44da-bd09-84192a327d7e,1424449561,,,,,,,,
f40aa8fa-7dc8-423f-b0e0-a370578de29b-23,0e046461-bc76-44da-bd09-84192a327d7e,1424451574,2638,1424451574624,16,"{""ONE_WAY_HASH"":""d1a04dc9526894b225d26cbf9be2a1888dba835a""}","{""ONE_WAY_HASH"":""abe63436413300f9d3834fb8210a0b127121ce4""}",,"{""ONE_WAY_HASH"":""da4b9237bacccdf19c0760cab7aec4a8359010b0""}",1
aa85345d-7f5c-4c4c-88d1-ce687b9bc361-23,0e046461-bc76-44da-bd09-84192a327d7e,1424456766,,,,,,,,
00cb6237-b1ef-4f66-99dd-a488a5c40849-47,0e046461-bc76-44da-bd09-84192a327d7e,1424460370,,,,,,,,
32dd1faa-4393-4a31-8b22-ee90062d4280-23,0e046461-bc76-44da-bd09-84192a327d7e,1424462360,2640,1424462360506,0,,"{""ONE_WAY_HASH"":""4d8a6fed3b37c9a7a034cbf5a9e8addb7636fbb6""}",,"{""ONE_WAY_HASH"":""b6589fc6ab0dc82cf12099d1c2d40ab994e8410c""}",2
32dd1faa-4393-4a31-8b22-ee90062d4280-23,0e046461-bc76-44da-bd09-84192a327d7e,1424462360,2639,1424462320935,0,,"{""ONE_WAY_HASH"":""4d8a6fed3b37c9a7a034cbf5a9e8addb7636fbb6""}",,"{""ONE_WAY_HASH"":""b6589fc6ab0dc82cf12099d1c2d40ab994e8410c""}",3
84056e60-2482-4978-b224-30a2f1f7d3f4-69,0e046461-bc76-44da-bd09-84192a327d7e,1424467577,,,,,,,,
29869876-8c6a-4c19-91da-ec6d97c5ae51-23,0e046461-bc76-44da-bd09-84192a327d7e,1424470796,2641,1424470796798,38,"{""ONE_WAY_HASH"":""2a590befd72b5334de838dfc2ab81a695018dfd2""}","{""ONE_WAY_HASH"":""572ee3ed0e7c54f9f603f61190bc791804066242""}",,"{""ONE_WAY_HASH"":""902ba3cda1883801594b6e1b452790cc53948fda""}",2
55d3d25d-7182-4e81-a693-b018746ab082-23,0e046461-bc76-44da-bd09-84192a327d7e,1424474792,,,,,,,,
e49db565-cd3a-4b3c-ac5e-c034cd2dc712-47,0e046461-bc76-44da-bd09-84192a327d7e,1424478395,,,,,,,,
a05f18a3-33a1-437a-b537-d08e081fab20-34,0e046461-bc76-44da-bd09-84192a327d7e,1424482002,,,,,,,,
687b0481-d6a6-49a4-b572-c8109023da1d-23,0e046461-bc76-44da-bd09-84192a327d7e,1424485626,,,,,,,,
687b0481-d6a6-49a4-b572-c8109023da1d-40,0e046461-bc76-44da-bd09-84192a327d7e,1424489234,,,,,,,,
2a458b3b-3e5f-4fa1-9e3a-0855b71acdc2-12,0e046461-bc76-44da-bd09-84192a327d7e,1424492866,,,,,,,,
bb6c7c0d-c686-4f18-b45f-5ec6281f1e47-36,0e046461-bc76-44da-bd09-84192a327d7e,1424496468,,,,,,,,
fc1c0491-519a-4d63-87a7-ad1dd350a64c-12,0e046461-bc76-44da-bd09-84192a327d7e,1424500086,,,,,,,,
048762fe-3eb6-40aa-ab0f-19101d502c09-39,0e046461-bc76-44da-bd09-84192a327d7e,1424503686,,,,,,,,
f3faf6ba-33c7-4ad5-bd91-06bd6633e5e1-37,0e046461-bc76-44da-bd09-84192a327d7e,1424507401,,,,,,,,
ba023a82-d7ce-49aa-a589-9f454d406a06-27,0e046461-bc76-44da-bd09-84192a327d7e,1424526991,,,,,,,,
4d593d99-4b66-4034-a676-04f30ab38dc5-34,0e046461-bc76-44da-bd09-84192a327d7e,1424530599,,,,,,,,
7eb10dbe-ff53-4ba1-92d4-87f0968854e3-58,0e046461-bc76-44da-bd09-84192a327d7e,1424534200,,,,,,,,
c77e9463-ffbc-4486-a25e-72ab482ede99-34,0e046461-bc76-44da-bd09-84192a327d7e,1424537800,,,,,,,,
ec44f29b-211e-4e21-9711-a24e4c980f6a-24,0e046461-bc76-44da-bd09-84192a327d7e,1424541401,,,,,,,,
2c59c3b2-19dc-40d7-a0d0-23d6d2d4f5b4-23,0e046461-bc76-44da-bd09-84192a327d7e,1424545000,,,,,,,,
e0fbed3c-c798-4f29-8134-4dc10a192436-34,0e046461-bc76-44da-bd09-84192a327d7e,1424548600,,,,,,,,
97e1145d-d21c-4243-8892-0dbdda6aafba-23,0e046461-bc76-44da-bd09-84192a327d7e,1424552200,,,,,,,,
f3ab9741-3a13-4a46-a8fc-41d400c25cb3-24,0e046461-bc76-44da-bd09-84192a327d7e,1424555800,,,,,,,,
2be1da75-1865-4ece-9793-559f356d838f-47,0e046461-bc76-44da-bd09-84192a327d7e,1424559400,,,,,,,,
53accd8d-6f9e-4669-b1eb-b89ece518a96-36,0e046461-bc76-44da-bd09-84192a327d7e,1424563000,,,,,,,,
945f0feb-6feb-492e-819c-c4973b2fd9f0-34,0e046461-bc76-44da-bd09-84192a327d7e,1424566602,,,,,,,,
49477528-d851-492a-9fd6-169a927f391b-24,0e046461-bc76-44da-bd09-84192a327d7e,1424570203,,,,,,,,
e9580ae9-d551-4d45-b83c-ccf53751c8e0-47,0e046461-bc76-44da-bd09-84192a327d7e,1424573806,,,,,,,,
e4a743cb-0de1-4389-9818-a5715744efc7-47,0e046461-bc76-44da-bd09-84192a327d7e,1424577406,,,,,,,,
46518c76-d446-409f-bda4-2ac5b0458144-47,0e046461-bc76-44da-bd09-84192a327d7e,1424581006,,,,,,,,
80a5dfbf-0a7a-4de5-ac27-ceaef1212d69-38,0e046461-bc76-44da-bd09-84192a327d7e,1424584967,,,,,,,,
5e08611f-8cdb-4054-a969-e4d4f0daa700-60,0e046461-bc76-44da-bd09-84192a327d7e,1424618087,,,,,,,,
de1304d2-3966-41f3-a925-cbe967c3d920-23,0e046461-bc76-44da-bd09-84192a327d7e,1424621688,,,,,,,,
550c3ce5-8f64-4536-9439-65a177f5c5d4-23,0e046461-bc76-44da-bd09-84192a327d7e,1424625288,,,,,,,,
b46e1a87-5530-4b68-9e9b-76db759b3d5e-12,0e046461-bc76-44da-bd09-84192a327d7e,1424633426,2642,1424633426587,725,"{""ONE_WAY_HASH"":""967082f2aa15d0a0c0acc03ed8e64555840f63f""}","{""ONE_WAY_HASH"":""d63c2d6d1abe09a135513a708db70e6b6b0cfe44""}",,"{""ONE_WAY_HASH"":""902ba3cda1883801594b6e1b452790cc53948fda""}",1
75baa6fa-b6eb-47d6-9a16-fd197a3e7989-58,0e046461-bc76-44da-bd09-84192a327d7e,1424636736,2643,1424636736384,16,"{""ONE_WAY_HASH"":""219d16fb03b85bd393f6385b8f8e2bc738a244fd""}","{""ONE_WAY_HASH"":""195e880771a7ee2faf6afab5ac2e67af860123c1""}",,"{""ONE_WAY_HASH"":""902ba3cda1883801594b6e1b452790cc53948fda""}",2
f0532538-4969-498e-9ae1-5c5eaf28c45a-34,0e046461-bc76-44da-bd09-84192a327d7e,1424643038,,,,,,,,
8306408f-223c-41f9-9d8b-c914f45bf693-34,0e046461-bc76-44da-bd09-84192a327d7e,1424645880,2644,1424645880910,85,"{""ONE_WAY_HASH"":""6ee0d2090251784450b663696644517f71931d8b""}","{""ONE_WAY_HASH"":""2083b6b3a16c701ca2b054902e645a9b02f53865""}",,"{""ONE_WAY_HASH"":""356a192b7913b04c54574d18c28d46e6395428ab""}",2
3b7d8e29-31dc-45c6-90b9-c84b8a713caf-23,0e046461-bc76-44da-bd09-84192a327d7e,1424646669,2645,1424646669079,312,"{""ONE_WAY_HASH"":""74544aac9c9c2a2491c77bd9b43a689cd8e16d1b""}","{""ONE_WAY_HASH"":""15aa74eccc442a38b330ae54cc4a4aa458a154fe""}",,"{""ONE_WAY_HASH"":""902ba3cda1883801594b6e1b452790cc53948fda""}",1
b97a412e-18c5-4e90-9f81-936111e6b4e1-25,0e046461-bc76-44da-bd09-84192a327d7e,1424653891,,,,,,,,
b29097a6-6192-4c2f-96d6-d1ca7414da57-47,0e046461-bc76-44da-bd09-84192a327d7e,1424654894,2646,1424654894390,0,"{""ONE_WAY_HASH"":""6ee0d2090251784450b663696644517f71931d8b""}","{""ONE_WAY_HASH"":""2083b6b3a16c701ca2b054902e645a9b02f53865""}",,"{""ONE_WAY_HASH"":""356a192b7913b04c54574d18c28d46e6395428ab""}",3
28f7590f-c351-4c65-92c7-4a354d36138e-25,0e046461-bc76-44da-bd09-84192a327d7e,1424661776,,,,,,,,
7aa840aa-9b31-49fb-8475-99c8a43a5d0a-58,0e046461-bc76-44da-bd09-84192a327d7e,1424665376,,,,,,,,
577198ae-3228-44db-9072-e2307728c7d7-38,0e046461-bc76-44da-bd09-84192a327d7e,1424671646,,,,,,,,
5dfd3895-2993-4fbf-98bc-fde36f9aa6e8-48,0e046461-bc76-44da-bd09-84192a327d7e,1424675253,,,,,,,,
915cf5c7-26cd-4dff-9e03-346bc9d6026a-59,0e046461-bc76-44da-bd09-84192a327d7e,1424678853,,,,,,,,
eb634ba2-58c2-4863-bbf5-9c81b0b3c713-24,0e046461-bc76-44da-bd09-84192a327d7e,1424682454,,,,,,,,
f83ffc02-068d-4781-9ee9-4248e1c9975c-48,0e046461-bc76-44da-bd09-84192a327d7e,1424686054,,,,,,,,
f7256135-914f-4e74-82bd-2dd080fe9bd3-24,0e046461-bc76-44da-bd09-84192a327d7e,1424689653,,,,,,,,
435bab46-5238-44e0-924f-35e8afaf4534-48,0e046461-bc76-44da-bd09-84192a327d7e,1424693254,,,,,,,,
d34420ce-c8aa-444b-ad25-3619b5be7ec8-24,0e046461-bc76-44da-bd09-84192a327d7e,1424696853,,,,,,,,
77fb9b89-b56a-49e3-a11e-c54a928c1c76-48,0e046461-bc76-44da-bd09-84192a327d7e,1424704053,,,,,,,,
4f4f186f-1135-40e2-b83f-bb8f72428e15-46,0e046461-bc76-44da-bd09-84192a327d7e,1424707653,,,,,,,,
43402b26-e453-493e-9211-76641a100253-67,0e046461-bc76-44da-bd09-84192a327d7e,1424711253,,,,,,,,
84747a13-e977-459a-8580-99e0312da51e-13,0e046461-bc76-44da-bd09-84192a327d7e,1424714853,,,,,,,,
8f24d059-ccc5-408f-8883-9e85466021b4-48,0e046461-bc76-44da-bd09-84192a327d7e,1424718461,,,,,,,,
889f9709-ba77-470b-9cb9-e0f3307228fb-23,0e046461-bc76-44da-bd09-84192a327d7e,1424722060,,,,,,,,
2e67cb86-9da2-4491-b030-2924ab92fdb7-47,0e046461-bc76-44da-bd09-84192a327d7e,1424725661,,,,,,,,
0633b7c3-7af3-497f-9e13-29927c979921-25,0e046461-bc76-44da-bd09-84192a327d7e,1424729260,,,,,,,,
54a67452-8208-4826-901a-f241db29612a-61,0e046461-bc76-44da-bd09-84192a327d7e,1424732862,,,,,,,,
7892c442-dedd-4134-b7c9-8760bbea47f0-58,0e046461-bc76-44da-bd09-84192a327d7e,1424736462,,,,,,,,
999666bb-6335-4ce7-aea7-49a03b095a21-26,0e046461-bc76-44da-bd09-84192a327d7e,1424740062,,,,,,,,
5589f26a-548d-45dd-a4b5-a43177264dd5-60,0e046461-bc76-44da-bd09-84192a327d7e,1424743662,,,,,,,,
308b5853-28e9-4785-80bc-58c8f30036c9-14,0e046461-bc76-44da-bd09-84192a327d7e,1424745455,2650,1424745455068,4,"{""ONE_WAY_HASH"":""39342583b8b722d951824fa86580e404f1a3f457""}","{""ONE_WAY_HASH"":""e36ce705a378472515c93d4029da90ff3691044""}",,"{""ONE_WAY_HASH"":""902ba3cda1883801594b6e1b452790cc53948fda""}",2
308b5853-28e9-4785-80bc-58c8f30036c9-14,0e046461-bc76-44da-bd09-84192a327d7e,1424745455,2649,1424745423283,0,"{""ONE_WAY_HASH"":""39342583b8b722d951824fa86580e404f1a3f457""}","{""ONE_WAY_HASH"":""e36ce705a378472515c93d4029da90ff3691044""}",,"{""ONE_WAY_HASH"":""902ba3cda1883801594b6e1b452790cc53948fda""}",2
308b5853-28e9-4785-80bc-58c8f30036c9-14,0e046461-bc76-44da-bd09-84192a327d7e,1424745455,2648,1424745374398,24,"{""ONE_WAY_HASH"":""6ee0d2090251784450b663696644517f71931d8b""}","{""ONE_WAY_HASH"":""2083b6b3a16c701ca2b054902e645a9b02f53865""}",,"{""ONE_WAY_HASH"":""356a192b7913b04c54574d18c28d46e6395428ab""}",2
308b5853-28e9-4785-80bc-58c8f30036c9-14,0e046461-bc76-44da-bd09-84192a327d7e,1424745455,2647,1424745348462,6,"{""ONE_WAY_HASH"":""108290c8ff4695c925874c07f1a3541caa7b3a9f""}","{""ONE_WAY_HASH"":""f1fce9bafd747deaf6c22edababd4baa5cce15ff""}",,"{""ONE_WAY_HASH"":""902ba3cda1883801594b6e1b452790cc53948fda""}",2
3044e4df-ad50-426b-baed-1aff9012974c-49,0e046461-bc76-44da-bd09-84192a327d7e,1424750865,,,,,,,,
b2e7336f-527a-44e9-a038-11aa8b0427b4-14,0e046461-bc76-44da-bd09-84192a327d7e,1424758068,,,,,,,,
457d24b0-8e81-4ec3-8289-1c3e0523b0bf-14,0e046461-bc76-44da-bd09-84192a327d7e,1424761669,,,,,,,,
13c7e8d5-de0a-48df-b075-ba910cebadc2-50,0e046461-bc76-44da-bd09-84192a327d7e,1424765269,,,,,,,,
b35e0122-9f47-492e-b9c2-9d979a0008e4-15,0e046461-bc76-44da-bd09-84192a327d7e,1424765285,2651,1424765285257,66,,"{""ONE_WAY_HASH"":""f0a6b0cf67321a087a7723a92dccd095f4ee1a83""}",,"{""ONE_WAY_HASH"":""b6589fc6ab0dc82cf12099d1c2d40ab994e8410c""}",1
9209b1e9-e82c-4373-b703-e7088229eb0a-49,0e046461-bc76-44da-bd09-84192a327d7e,1424772480,,,,,,,,
5e6916a6-b6aa-420f-8529-7319eb55935b-12,0e046461-bc76-44da-bd09-84192a327d7e,1424776118,,,,,,,,
eaccffb7-766b-4b5b-8c36-dd7d76561a53-37,0e046461-bc76-44da-bd09-84192a327d7e,1424779721,,,,,,,,
87c56a7e-84d5-452e-87ec-7c349c66e4af-13,0e046461-bc76-44da-bd09-84192a327d7e,1424783344,,,,,,,,
a3287745-ade4-427a-baa9-4dee25104026-48,0e046461-bc76-44da-bd09-84192a327d7e,1424786950,,,,,,,,
